region,era_years,era_name,category,item_description
West Coast,1983-1989,Electro & Early Gangsta,Pants,Slim-fit Adidas track pants with ankle zippers
West Coast,1983-1989,Electro & Early Gangsta,Pants,Straight-leg Lee jeans with a light wash
West Coast,1983-1989,Electro & Early Gangsta,Pants,Straight-leg corduroy pants in earth tones
West Coast,1983-1989,Electro & Early Gangsta,Pants,Relaxed-fit Dickies work pants in khaki
West Coast,1983-1989,Electro & Early Gangsta,Pants,Straight-leg Levi's 501 jeans in dark indigo
West Coast,1983-1989,Electro & Early Gangsta,Pants,Slim-fit Adidas Firebird track pants with three-stripe detailing
West Coast,1983-1989,Electro & Early Gangsta,Tops,Fitted Kangol-era polo shirt with a popped collar
West Coast,1983-1989,Electro & Early Gangsta,Tops,Slim-fit Adidas tracksuit jacket with zip front
West Coast,1983-1989,Electro & Early Gangsta,Tops,Relaxed-fit printed graphic tee with electro-inspired artwork
West Coast,1983-1989,Electro & Early Gangsta,Tops,"Oversized Los Angeles Raiders NFL jersey, 1980s block-number style"
West Coast,1983-1989,Electro & Early Gangsta,Tops,"Oversized Los Angeles Kings NHL jersey, 1980s block-letter style"
West Coast,1983-1989,Electro & Early Gangsta,Tops,Relaxed-fit open-collar shirt with short sleeves
West Coast,1983-1989,Electro & Early Gangsta,Accessories,Kangol bucket hat in solid black
West Coast,1983-1989,Electro & Early Gangsta,Accessories,Kangol flat cap in red
West Coast,1983-1989,Electro & Early Gangsta,Accessories,Cazal 607 eyeglasses with gold frames
West Coast,1983-1989,Electro & Early Gangsta,Accessories,Cazal 856 sunglasses with oversized frames
West Coast,1983-1989,Electro & Early Gangsta,Accessories,"Fat gold rope chain necklace, heavy gauge"
West Coast,1983-1989,Electro & Early Gangsta,Accessories,Adidas Superstar shell-toe sneakers with no laces
West Coast,1983-1989,Electro & Early Gangsta,Accessories,Fila high-top sneakers in white and navy
West Coast,1983-1989,Electro & Early Gangsta,Accessories,Motorola beeper clipped to belt
West Coast,1989-1995,G-Funk & Gangsta Rap,Pants,Very baggy Dickies 874 work pants with a sharp center crease in khaki
West Coast,1989-1995,G-Funk & Gangsta Rap,Pants,Very baggy Dickies 874 work pants with a sharp center crease in charcoal gray
West Coast,1989-1995,G-Funk & Gangsta Rap,Pants,Very baggy Ben Davis pants with a relaxed cut in black
West Coast,1989-1995,G-Funk & Gangsta Rap,Pants,Baggy khaki chino pants with a pressed crease
West Coast,1989-1995,G-Funk & Gangsta Rap,Pants,Extra-baggy Levi's jeans sagging below the waist with boxers showing
West Coast,1989-1995,G-Funk & Gangsta Rap,Pants,Baggy Levi's 501 jeans in dark indigo with a stiff unwashed finish
West Coast,1989-1995,G-Funk & Gangsta Rap,Tops,"Oversized flannel shirt in red and black plaid, buttoned only at the top"
West Coast,1989-1995,G-Funk & Gangsta Rap,Tops,"Oversized flannel shirt in blue and black plaid, buttoned only at the top"
West Coast,1989-1995,G-Funk & Gangsta Rap,Tops,Very tall plain white tee hanging past the waist
West Coast,1989-1995,G-Funk & Gangsta Rap,Tops,Oversized Pendleton wool shirt in dark plaid
West Coast,1989-1995,G-Funk & Gangsta Rap,Tops,Relaxed-fit Dickies short-sleeve button-up work shirt in gray
West Coast,1989-1995,G-Funk & Gangsta Rap,Tops,"Oversized Los Angeles Raiders NFL jersey, 1990s baggy fit with screen-printed numbers"
West Coast,1989-1995,G-Funk & Gangsta Rap,Tops,"Oversized Los Angeles Kings NHL jersey, 1990s baggy fit with sewn-on crest"
West Coast,1989-1995,G-Funk & Gangsta Rap,Tops,"Oversized Los Angeles Dodgers MLB jersey, 1990s baggy fit with script lettering"
West Coast,1989-1995,G-Funk & Gangsta Rap,Tops,"Plain white ribbed undershirt tank top, fitted"
West Coast,1989-1995,G-Funk & Gangsta Rap,Accessories,Loc sunglasses with dark lenses and slim rectangular frames
West Coast,1989-1995,G-Funk & Gangsta Rap,Accessories,Red bandana folded and tied around the head
West Coast,1989-1995,G-Funk & Gangsta Rap,Accessories,Blue bandana folded and tied around the head
West Coast,1989-1995,G-Funk & Gangsta Rap,Accessories,Converse Chuck Taylor All-Star sneakers in all black
West Coast,1989-1995,G-Funk & Gangsta Rap,Accessories,Converse Chuck Taylor All-Star sneakers in all white
West Coast,1989-1995,G-Funk & Gangsta Rap,Accessories,Nike Cortez sneakers in white with red and blue swoosh
West Coast,1989-1995,G-Funk & Gangsta Rap,Accessories,House slippers worn outdoors
West Coast,1989-1995,G-Funk & Gangsta Rap,Accessories,Thin gold chain necklace with a small pendant
West Coast,1989-1995,G-Funk & Gangsta Rap,Accessories,"Thick silver chain necklace, Cuban link style"
West Coast,1989-1995,G-Funk & Gangsta Rap,Accessories,"Jheri curl hairstyle, wet and glossy"
West Coast,1989-1995,G-Funk & Gangsta Rap,Accessories,Individual braids pulled back
West Coast,1995-2001,Shiny Suit & Aftermath Era,Pants,Very baggy Sean John denim jeans in dark wash
West Coast,1995-2001,Shiny Suit & Aftermath Era,Pants,Very baggy FUBU jeans with oversized logo embroidery
West Coast,1995-2001,Shiny Suit & Aftermath Era,Pants,Very baggy Karl Kani jeans in medium wash
West Coast,1995-2001,Shiny Suit & Aftermath Era,Pants,"Very baggy Dickies work pants, still creased sharp in khaki"
West Coast,1995-2001,Shiny Suit & Aftermath Era,Pants,Baggy wide-leg denim jeans in light wash
West Coast,1995-2001,Shiny Suit & Aftermath Era,Pants,Relaxed-fit Roca Wear denim jeans in dark indigo
West Coast,1995-2001,Shiny Suit & Aftermath Era,Tops,"Oversized Kobe Bryant Los Angeles Lakers NBA jersey, late-1990s mesh with purple and gold"
West Coast,1995-2001,Shiny Suit & Aftermath Era,Tops,"Oversized Shaquille O'Neal Los Angeles Lakers NBA jersey, late-1990s mesh with purple and gold"
West Coast,1995-2001,Shiny Suit & Aftermath Era,Tops,"Very tall and wide plain white tee, 4XL on a medium frame"
West Coast,1995-2001,Shiny Suit & Aftermath Era,Tops,Oversized throwback NBA jersey in retro colorways
West Coast,1995-2001,Shiny Suit & Aftermath Era,Tops,Relaxed-fit velour tracksuit jacket with zip front in dark red
West Coast,1995-2001,Shiny Suit & Aftermath Era,Tops,Relaxed-fit velour tracksuit jacket with zip front in navy blue
West Coast,1995-2001,Shiny Suit & Aftermath Era,Tops,Oversized Death Row Records graphic tee in black
West Coast,1995-2001,Shiny Suit & Aftermath Era,Tops,Oversized Roca Wear logo tee
West Coast,1995-2001,Shiny Suit & Aftermath Era,Accessories,Timberland 6-inch premium boots in wheat nubuck
West Coast,1995-2001,Shiny Suit & Aftermath Era,Accessories,"Throwback fitted cap in team colors, flat brim"
West Coast,1995-2001,Shiny Suit & Aftermath Era,Accessories,Platinum chain necklace with diamond pendant
West Coast,1995-2001,Shiny Suit & Aftermath Era,Accessories,"Cartier gold-frame eyeglasses, early adoption"
West Coast,1995-2001,Shiny Suit & Aftermath Era,Accessories,All-white Nike Air Force 1 low-top sneakers
West Coast,1995-2001,Shiny Suit & Aftermath Era,Accessories,Bandana worn as a headband across the forehead
West Coast,2001-2008,Hyphy & Blog Era,Pants,"Ultra-baggy jeans in dark wash, pooling over shoes"
West Coast,2001-2008,Hyphy & Blog Era,Pants,Baggy True Religion jeans with horseshoe stitching on back pockets
West Coast,2001-2008,Hyphy & Blog Era,Pants,Baggy Evisu denim jeans with painted seagull logo on back pockets
West Coast,2001-2008,Hyphy & Blog Era,Pants,"Slim-straight jeans, early skinny adoption by Pharrell-affiliated artists"
West Coast,2001-2008,Hyphy & Blog Era,Pants,Baggy basketball shorts falling below the knee with tall crew socks
West Coast,2001-2008,Hyphy & Blog Era,Tops,Oversized graphic hoodie with bold screen-printed artwork
West Coast,2001-2008,Hyphy & Blog Era,Tops,Oversized NBA throwback jersey layered over a long-sleeve white tee
West Coast,2001-2008,Hyphy & Blog Era,Tops,Oversized NFL throwback jersey layered over a long-sleeve white tee
West Coast,2001-2008,Hyphy & Blog Era,Tops,Oversized polo shirt with popped collar in bright color
West Coast,2001-2008,Hyphy & Blog Era,Tops,"Very tall plain white tee in 5XL, hanging to mid-thigh"
West Coast,2001-2008,Hyphy & Blog Era,Tops,Oversized Bathing Ape (BAPE) full-zip shark hoodie in green camo
West Coast,2001-2008,Hyphy & Blog Era,Tops,Oversized Bathing Ape (BAPE) full-zip shark hoodie in blue camo
West Coast,2001-2008,Hyphy & Blog Era,Tops,Relaxed-fit streetwear graphic tee with bold logo
West Coast,2001-2008,Hyphy & Blog Era,Accessories,Gold and diamond grillz on top and bottom teeth
West Coast,2001-2008,Hyphy & Blog Era,Accessories,Oversized stunner shades with white plastic frames
West Coast,2001-2008,Hyphy & Blog Era,Accessories,New Era 59FIFTY fitted cap with flat brim in custom colorway
West Coast,2001-2008,Hyphy & Blog Era,Accessories,Vans Classic Slip-On sneakers in black and white checkerboard
West Coast,2001-2008,Hyphy & Blog Era,Accessories,Nike Dunk SB low-top sneakers in limited colorway
West Coast,2001-2008,Hyphy & Blog Era,Accessories,Long dreadlocks past the shoulders
West Coast,2001-2008,Hyphy & Blog Era,Accessories,Individual braids pulled back into a ponytail
West Coast,2008-2014,Blog Rap to Odd Future,Pants,"Skinny-fit jeans in dark indigo, tapered to ankle"
West Coast,2008-2014,Blog Rap to Odd Future,Pants,Slim-fit jogger pants with elastic cuffs in black
West Coast,2008-2014,Blog Rap to Odd Future,Pants,Slim-fit camo cargo pants with tapered leg
West Coast,2008-2014,Blog Rap to Odd Future,Pants,Skinny-fit colored denim jeans in bright blue
West Coast,2008-2014,Blog Rap to Odd Future,Pants,Skinny-fit colored denim jeans in forest green
West Coast,2008-2014,Blog Rap to Odd Future,Pants,Skinny-fit colored denim jeans in burgundy
West Coast,2008-2014,Blog Rap to Odd Future,Tops,Relaxed-fit Odd Future donut logo graphic tee in pastel colors
West Coast,2008-2014,Blog Rap to Odd Future,Tops,Oversized Supreme box logo tee in white
West Coast,2008-2014,Blog Rap to Odd Future,Tops,Relaxed-fit tie-dye tee in multi-color
West Coast,2008-2014,Blog Rap to Odd Future,Tops,Oversized skate-influenced graphic tee with bold print
West Coast,2008-2014,Blog Rap to Odd Future,Tops,Relaxed-fit plain pullover hoodie in muted earth tones
West Coast,2008-2014,Blog Rap to Odd Future,Tops,Relaxed-fit Supreme box logo pullover hoodie
West Coast,2008-2014,Blog Rap to Odd Future,Accessories,Vans Old Skool sneakers in black and white
West Coast,2008-2014,Blog Rap to Odd Future,Accessories,Bucket hat in solid pastel color
West Coast,2008-2014,Blog Rap to Odd Future,Accessories,Bucket hat in floral print
West Coast,2008-2014,Blog Rap to Odd Future,Accessories,Cat-eye sunglasses with tinted lenses
West Coast,2008-2014,Blog Rap to Odd Future,Accessories,"Supreme accessories (lighter, keychain, lanyard)"
West Coast,2008-2014,Blog Rap to Odd Future,Accessories,Minimalist thin gold chain necklace
West Coast,2008-2014,Blog Rap to Odd Future,Accessories,Tall crew socks pulled up to mid-shin over skinny jeans
West Coast,2008-2014,Blog Rap to Odd Future,Accessories,Golf-inspired polo visor in pastel
West Coast,2014-2020,West Coast Luxury & TDE,Pants,Slim-fit jogger pants in black Nike Tech Fleece
West Coast,2014-2020,West Coast Luxury & TDE,Pants,Tailored slim-straight trousers in charcoal gray
West Coast,2014-2020,West Coast Luxury & TDE,Pants,Slim-fit distressed denim jeans with knee blowouts
West Coast,2014-2020,West Coast Luxury & TDE,Pants,Relaxed-fit Fear of God drawstring trousers in cream
West Coast,2014-2020,West Coast Luxury & TDE,Pants,Relaxed-fit Fear of God drawstring trousers in black
West Coast,2014-2020,West Coast Luxury & TDE,Pants,Slim-tapered jogger pants in olive green
West Coast,2014-2020,West Coast Luxury & TDE,Tops,Oversized Fear of God silhouette pullover hoodie in sand
West Coast,2014-2020,West Coast Luxury & TDE,Tops,Oversized Fear of God silhouette pullover hoodie in black
West Coast,2014-2020,West Coast Luxury & TDE,Tops,Relaxed-fit bomber jacket in olive green nylon
West Coast,2014-2020,West Coast Luxury & TDE,Tops,Relaxed-fit medium-wash denim jacket
West Coast,2014-2020,West Coast Luxury & TDE,Tops,Relaxed-fit Marathon Clothing branded tee in white
West Coast,2014-2020,West Coast Luxury & TDE,Tops,Relaxed-fit plain earth-tone tee in sand
West Coast,2014-2020,West Coast Luxury & TDE,Tops,Relaxed-fit plain earth-tone tee in slate gray
West Coast,2014-2020,West Coast Luxury & TDE,Tops,"Relaxed-fit vintage band tee, faded and distressed"
West Coast,2014-2020,West Coast Luxury & TDE,Tops,"Fitted leather jacket in black, moto style"
West Coast,2014-2020,West Coast Luxury & TDE,Accessories,Nike Cortez sneakers in classic white leather with red swoosh
West Coast,2014-2020,West Coast Luxury & TDE,Accessories,Air Jordan 1 high-top sneakers in bred colorway
West Coast,2014-2020,West Coast Luxury & TDE,Accessories,Air Jordan 1 high-top sneakers in Chicago colorway
West Coast,2014-2020,West Coast Luxury & TDE,Accessories,Cartier C Décor buffalo horn glasses with gold frames
West Coast,2014-2020,West Coast Luxury & TDE,Accessories,"Minimalist gold Cuban link chain necklace, medium weight"
West Coast,2014-2020,West Coast Luxury & TDE,Accessories,Unstructured dad hat in washed denim
West Coast,2014-2020,West Coast Luxury & TDE,Accessories,"Thick gold Cuban link chain necklace, heavy gauge"
West Coast,2014-2020,West Coast Luxury & TDE,Accessories,Versace Medusa-logo sunglasses
West Coast,2014-2020,West Coast Luxury & TDE,Accessories,Gucci rectangular frame sunglasses
West Coast,2020-Present,Post-Pandemic & Archive,Pants,Wide-leg tailored trousers in charcoal wool
West Coast,2020-Present,Post-Pandemic & Archive,Pants,"Very baggy vintage Dickies 874 work pants in khaki, revival fit"
West Coast,2020-Present,Post-Pandemic & Archive,Pants,Relaxed-fit carpenter pants with hammer loop in tan
West Coast,2020-Present,Post-Pandemic & Archive,Pants,Very baggy Rick Owens drop-crotch pants in black
West Coast,2020-Present,Post-Pandemic & Archive,Pants,Oversized Balenciaga wide-leg denim jeans in faded wash
West Coast,2020-Present,Post-Pandemic & Archive,Pants,Tailored relaxed-fit trousers with a wide leg in navy
West Coast,2020-Present,Post-Pandemic & Archive,Tops,Oversized Balenciaga logo tee in washed black
West Coast,2020-Present,Post-Pandemic & Archive,Tops,Oversized Vetements printed tee with distressed graphics
West Coast,2020-Present,Post-Pandemic & Archive,Tops,Long oversized leather trench coat in black
West Coast,2020-Present,Post-Pandemic & Archive,Tops,Relaxed-fit vintage sportswear windbreaker in retro colorblock
West Coast,2020-Present,Post-Pandemic & Archive,Tops,Cropped bomber jacket in black nylon
West Coast,2020-Present,Post-Pandemic & Archive,Tops,Relaxed-fit layered earth-tone palette: tan tee under olive overshirt
West Coast,2020-Present,Post-Pandemic & Archive,Tops,Oversized Maison Margiela tee in off-white
West Coast,2020-Present,Post-Pandemic & Archive,Accessories,New Balance 550 sneakers in white with green accents
West Coast,2020-Present,Post-Pandemic & Archive,Accessories,New Balance 2002R sneakers in rain cloud gray
West Coast,2020-Present,Post-Pandemic & Archive,Accessories,Salomon XT-6 trail runners in silver and black
West Coast,2020-Present,Post-Pandemic & Archive,Accessories,"Archival designer sunglasses, vintage Persol or Oakley"
West Coast,2020-Present,Post-Pandemic & Archive,Accessories,Layered necklaces: thin gold chain with thicker silver chain
West Coast,2020-Present,Post-Pandemic & Archive,Accessories,Chrome Hearts silver cross pendant necklace
West Coast,2020-Present,Post-Pandemic & Archive,Accessories,Chrome Hearts silver ring with dagger motif
West Coast,2020-Present,Post-Pandemic & Archive,Accessories,Vintage mesh trucker hat with faded logo
West Coast,2020-Present,Post-Pandemic & Archive,Accessories,Canvas tote bag in natural color
East Coast,1979-1986,Old School & B-Boy,Pants,Straight-leg Lee jeans cuffed at the ankle in dark wash
East Coast,1979-1986,Old School & B-Boy,Pants,Straight-leg Sergio Valente jeans in medium wash
East Coast,1979-1986,Old School & B-Boy,Pants,Straight-leg Jordache jeans in medium wash
East Coast,1979-1986,Old School & B-Boy,Pants,Slim-fit Sassoon denim jeans in dark indigo
East Coast,1979-1986,Old School & B-Boy,Pants,Slim-fit Adidas track pants with three-stripe detailing
East Coast,1979-1986,Old School & B-Boy,Pants,Slim-fit nylon windbreaker pants in black
East Coast,1979-1986,Old School & B-Boy,Tops,Fitted Adidas tracksuit jacket with zip front in royal blue and white
East Coast,1979-1986,Old School & B-Boy,Tops,Fitted Adidas tracksuit jacket with zip front in black and red
East Coast,1979-1986,Old School & B-Boy,Tops,Fitted Kangol bucket hat paired with a fitted black leather jacket
East Coast,1979-1986,Old School & B-Boy,Tops,Oversized sheepskin coat in tan with shearling collar
East Coast,1979-1986,Old School & B-Boy,Tops,Fitted Members Only jacket in burgundy
East Coast,1979-1986,Old School & B-Boy,Tops,Fitted Le Tigre polo shirt with embroidered tiger logo
East Coast,1979-1986,Old School & B-Boy,Tops,Fitted Puma tracksuit jacket with zip front
East Coast,1979-1986,Old School & B-Boy,Accessories,"Adidas Superstar sneakers in white with black stripes, no laces, tongue out"
East Coast,1979-1986,Old School & B-Boy,Accessories,Puma Suede sneakers in navy and white
East Coast,1979-1986,Old School & B-Boy,Accessories,"Fat gold dookie rope chain necklace, extra-heavy gauge"
East Coast,1979-1986,Old School & B-Boy,Accessories,Gold four-finger ring spelling out a name
East Coast,1979-1986,Old School & B-Boy,Accessories,Portable boombox carried on shoulder
East Coast,1979-1986,Old School & B-Boy,Accessories,Gazelle eyeglasses with clear lenses and gold frames
East Coast,1979-1986,Old School & B-Boy,Accessories,Kangol 504 flat cap in red
East Coast,1979-1986,Old School & B-Boy,Accessories,Kangol bucket hat in black
East Coast,1979-1986,Old School & B-Boy,Accessories,Cazal 607 eyeglasses with tortoise and gold frames
East Coast,1986-1992,Golden Age,Pants,Very baggy Cross Colours jeans in bright multi-color
East Coast,1986-1992,Golden Age,Pants,Very baggy Karl Kani jeans in dark wash with logo embroidery
East Coast,1986-1992,Golden Age,Pants,Baggy African-print pants in kente cloth pattern
East Coast,1986-1992,Golden Age,Pants,Baggy denim overalls with one strap down in medium wash
East Coast,1986-1992,Golden Age,Pants,Baggy cotton sweatpants in heather gray
East Coast,1986-1992,Golden Age,Pants,Relaxed-fit Guess jeans with triangle logo in light wash
East Coast,1986-1992,Golden Age,Tops,Relaxed-fit Cross Colours color-block jacket in bright primary colors
East Coast,1986-1992,Golden Age,Tops,Oversized 8-ball leather jacket in black with billiard graphic on back
East Coast,1986-1992,Golden Age,Tops,Relaxed-fit Carhartt Detroit jacket in brown duck canvas
East Coast,1986-1992,Golden Age,Tops,Relaxed-fit varsity letterman jacket in wool and leather
East Coast,1986-1992,Golden Age,Tops,Oversized pullover hoodie layered under a denim jacket
East Coast,1986-1992,Golden Age,Tops,Relaxed-fit dashiki in bright printed fabric
East Coast,1986-1992,Golden Age,Accessories,Timberland 6-inch premium boot in butter wheat nubuck
East Coast,1986-1992,Golden Age,Accessories,Clarks Wallabee shoes in sand suede
East Coast,1986-1992,Golden Age,Accessories,Large wooden Africa-shaped pendant on leather cord necklace
East Coast,1986-1992,Golden Age,Accessories,Kufi cap in embroidered fabric
East Coast,1986-1992,Golden Age,Accessories,Oversized Starter pullover jacket with NFL team logo
East Coast,1986-1992,Golden Age,Accessories,Oversized Starter pullover jacket with NBA team logo
East Coast,1986-1992,Golden Age,Accessories,British Knights high-top sneakers in white
East Coast,1986-1992,Golden Age,Accessories,"Gold bamboo hoop earrings, large diameter"
East Coast,1986-1992,Golden Age,Accessories,Red leather Africa medallion pendant on gold chain
East Coast,1992-1997,Hardcore & Mafioso,Pants,Very baggy Polo Ralph Lauren chinos in khaki
East Coast,1992-1997,Hardcore & Mafioso,Pants,Very baggy Girbaud jeans with shuttle buckle in medium wash
East Coast,1992-1997,Hardcore & Mafioso,Pants,Very baggy Tommy Hilfiger carpenter jeans in dark wash
East Coast,1992-1997,Hardcore & Mafioso,Pants,Relaxed-fit Versace silk dress pants in black with gold print
East Coast,1992-1997,Hardcore & Mafioso,Pants,Relaxed-fit linen trousers in white for summer
East Coast,1992-1997,Hardcore & Mafioso,Pants,Baggy Nautica jeans sagging at the waist in dark indigo
East Coast,1992-1997,Hardcore & Mafioso,Tops,Oversized Polo Ralph Lauren rugby shirt in bold color-block stripes
East Coast,1992-1997,Hardcore & Mafioso,Tops,Oversized Polo Ralph Lauren Snow Beach pullover jacket
East Coast,1992-1997,Hardcore & Mafioso,Tops,Oversized Coogi sweater in multi-color knit pattern
East Coast,1992-1997,Hardcore & Mafioso,Tops,Oversized Tommy Hilfiger logo tee with red-white-blue flag
East Coast,1992-1997,Hardcore & Mafioso,Tops,Oversized Tommy Hilfiger denim jacket with oversized logo
East Coast,1992-1997,Hardcore & Mafioso,Tops,Relaxed-fit Versace silk shirt with baroque print in gold and black
East Coast,1992-1997,Hardcore & Mafioso,Tops,"Long leather trench coat in black, ankle-length"
East Coast,1992-1997,Hardcore & Mafioso,Tops,Oversized North Face Nuptse puffer jacket in black
East Coast,1992-1997,Hardcore & Mafioso,Tops,Full-length mink fur coat in dark brown
East Coast,1992-1997,Hardcore & Mafioso,Accessories,Rolex Day-Date watch with gold Presidential bracelet
East Coast,1992-1997,Hardcore & Mafioso,Accessories,Versace Medusa-logo sunglasses with gold arms
East Coast,1992-1997,Hardcore & Mafioso,Accessories,"Timberland 6-inch premium boots in wheat, still dominant"
East Coast,1992-1997,Hardcore & Mafioso,Accessories,Clarks Wallabee boots in beeswax leather
East Coast,1992-1997,Hardcore & Mafioso,Accessories,New York Yankees fitted cap in navy
East Coast,1992-1997,Hardcore & Mafioso,Accessories,New York Mets fitted cap in royal blue and orange
East Coast,1992-1997,Hardcore & Mafioso,Accessories,Gold medallion pendant on thick rope chain
East Coast,1992-1997,Hardcore & Mafioso,Accessories,Guess watch with silver bracelet band
East Coast,1992-1997,Hardcore & Mafioso,Accessories,Movado Museum watch with black dial
East Coast,1997-2003,Shiny Suit Era,Pants,Tailored Sean John dress pants in silver-gray
East Coast,1997-2003,Shiny Suit Era,Pants,Baggy Rocawear denim jeans in dark wash with logo stitching
East Coast,1997-2003,Shiny Suit Era,Pants,Slim-fit black leather pants with a slight sheen
East Coast,1997-2003,Shiny Suit Era,Pants,Baggy Phat Farm denim jeans in medium wash
East Coast,1997-2003,Shiny Suit Era,Pants,Tailored linen suit pants in white
East Coast,1997-2003,Shiny Suit Era,Pants,Relaxed-fit velour track pants in deep burgundy
East Coast,1997-2003,Shiny Suit Era,Pants,Relaxed-fit velour track pants in navy blue
East Coast,1997-2003,Shiny Suit Era,Tops,Tailored shiny suit jacket in metallic silver
East Coast,1997-2003,Shiny Suit Era,Tops,Tailored shiny suit jacket in metallic royal blue
East Coast,1997-2003,Shiny Suit Era,Tops,Oversized Sean John logo tee in white
East Coast,1997-2003,Shiny Suit Era,Tops,Oversized Sean John leather jacket in black
East Coast,1997-2003,Shiny Suit Era,Tops,Full-length fur coat in white mink
East Coast,1997-2003,Shiny Suit Era,Tops,"Oversized NBA all-star game throwback jersey, late-1990s mesh with retro design"
East Coast,1997-2003,Shiny Suit Era,Tops,Relaxed-fit Versace dress shirt in silk with Medusa print
East Coast,1997-2003,Shiny Suit Era,Tops,"Relaxed-fit linen matching set in cream, shirt and pants"
East Coast,1997-2003,Shiny Suit Era,Tops,Oversized Iceberg knit sweater with cartoon character graphic
East Coast,1997-2003,Shiny Suit Era,Accessories,Iced-out diamond Jesus piece pendant on platinum chain
East Coast,1997-2003,Shiny Suit Era,Accessories,Iced-out Roc-A-Fella Records chain pendant in platinum and diamonds
East Coast,1997-2003,Shiny Suit Era,Accessories,Platinum diamond-encrusted watch
East Coast,1997-2003,Shiny Suit Era,Accessories,All-white Nike Air Force 1 low-top sneakers
East Coast,1997-2003,Shiny Suit Era,Accessories,Alligator-skin dress shoes in black
East Coast,1997-2003,Shiny Suit Era,Accessories,Cartier gold-frame rimless eyeglasses
East Coast,1997-2003,Shiny Suit Era,Accessories,Silk do-rag under a fitted cap
East Coast,1997-2003,Shiny Suit Era,Accessories,Bandana worn as do-rag in solid white
East Coast,2003-2010,Dipset to Blog Era,Pants,"Skinny-fit jeans in dark indigo, Kanye-influenced from 2007"
East Coast,2003-2010,Dipset to Blog Era,Pants,Painted-on ultra-skinny denim jeans in black
East Coast,2003-2010,Dipset to Blog Era,Pants,Baggy Bathing Ape (BAPE) camo jeans in green camo
East Coast,2003-2010,Dipset to Blog Era,Pants,Baggy True Religion jeans with flap pockets and horseshoe stitching
East Coast,2003-2010,Dipset to Blog Era,Pants,Skinny-fit colored denim jeans in bright red
East Coast,2003-2010,Dipset to Blog Era,Pants,Skinny-fit colored denim jeans in royal blue
East Coast,2003-2010,Dipset to Blog Era,Pants,Tailored slim dress pants in black for blazer pairing
East Coast,2003-2010,Dipset to Blog Era,Tops,"Oversized pink fur coat, Dipset era statement piece"
East Coast,2003-2010,Dipset to Blog Era,Tops,"Oversized fur-trimmed cape in pink, Dipset era statement piece"
East Coast,2003-2010,Dipset to Blog Era,Tops,Preppy popped-collar polo shirt layered two-deep in contrasting colors
East Coast,2003-2010,Dipset to Blog Era,Tops,Oversized Bathing Ape (BAPE) full-zip shark hoodie in purple camo
East Coast,2003-2010,Dipset to Blog Era,Tops,Relaxed-fit graphic tee with bold street art print
East Coast,2003-2010,Dipset to Blog Era,Tops,"Tailored blazer over a graphic tee, Kanye preppy era"
East Coast,2003-2010,Dipset to Blog Era,Tops,Relaxed-fit fitted cap matched to outfit color in every shade
East Coast,2003-2010,Dipset to Blog Era,Accessories,Throwback New Era fitted cap in custom colorway matching outfit
East Coast,2003-2010,Dipset to Blog Era,Accessories,Throwback New Era fitted cap in pink
East Coast,2003-2010,Dipset to Blog Era,Accessories,Iced-out diamond Jesus piece pendant on gold chain
East Coast,2003-2010,Dipset to Blog Era,Accessories,Air Jordan 3 Retro sneakers in white cement colorway
East Coast,2003-2010,Dipset to Blog Era,Accessories,Air Jordan 4 Retro sneakers in bred colorway
East Coast,2003-2010,Dipset to Blog Era,Accessories,Air Jordan 11 Retro sneakers in Concord colorway
East Coast,2003-2010,Dipset to Blog Era,Accessories,Louis Vuitton monogram print backpack
East Coast,2003-2010,Dipset to Blog Era,Accessories,Oversized aviator sunglasses with gold frames
East Coast,2003-2010,Dipset to Blog Era,Accessories,Kanye West shutter shades in white plastic
East Coast,2010-2016,A$AP & High Fashion Rap,Pants,"Slim-fit black leather pants, moto-inspired"
East Coast,2010-2016,A$AP & High Fashion Rap,Pants,Very baggy Rick Owens drop-crotch pants in black
East Coast,2010-2016,A$AP & High Fashion Rap,Pants,Slim-fit Raf Simons printed pants
East Coast,2010-2016,A$AP & High Fashion Rap,Pants,"Skinny-fit black jeans, tapered to ankle"
East Coast,2010-2016,A$AP & High Fashion Rap,Pants,Slim-fit distressed denim jeans with heavy rips at the knee
East Coast,2010-2016,A$AP & High Fashion Rap,Pants,Slim-fit jogger pants with elastic cuffs in black
East Coast,2010-2016,A$AP & High Fashion Rap,Tops,Oversized Rick Owens leather jacket in black with asymmetric zip
East Coast,2010-2016,A$AP & High Fashion Rap,Tops,Oversized Rick Owens hooded poncho in dark gray
East Coast,2010-2016,A$AP & High Fashion Rap,Tops,Oversized Raf Simons archive graphic hoodie
East Coast,2010-2016,A$AP & High Fashion Rap,Tops,Relaxed-fit Supreme x designer collab tee
East Coast,2010-2016,A$AP & High Fashion Rap,Tops,Relaxed-fit bomber jacket in black satin
East Coast,2010-2016,A$AP & High Fashion Rap,Tops,Oversized flannel shirt worn open over a black tee
East Coast,2010-2016,A$AP & High Fashion Rap,Tops,Relaxed-fit denim jacket covered in custom patches
East Coast,2010-2016,A$AP & High Fashion Rap,Tops,Fitted black turtleneck layered under chains
East Coast,2010-2016,A$AP & High Fashion Rap,Accessories,Rick Owens Geobasket high-top sneakers in black and white
East Coast,2010-2016,A$AP & High Fashion Rap,Accessories,Jeremy Scott x Adidas Wings sneakers
East Coast,2010-2016,A$AP & High Fashion Rap,Accessories,Maison Margiela Future high-top sneakers in white
East Coast,2010-2016,A$AP & High Fashion Rap,Accessories,Layered chains: short thin gold chain with longer pendant chain
East Coast,2010-2016,A$AP & High Fashion Rap,Accessories,Gold and diamond grillz on bottom teeth
East Coast,2010-2016,A$AP & High Fashion Rap,Accessories,"Multiple rings on every finger, mix of gold and silver"
East Coast,2016-Present,Luxury Streetwear & Post-Hype,Pants,Wide-leg tailored trousers in black wool
East Coast,2016-Present,Luxury Streetwear & Post-Hype,Pants,Relaxed-fit vintage denim jeans in faded medium wash
East Coast,2016-Present,Luxury Streetwear & Post-Hype,Pants,Slim-fit Bottega Veneta leather pants in dark green
East Coast,2016-Present,Luxury Streetwear & Post-Hype,Pants,Oversized cargo pants with multiple pockets in black
East Coast,2016-Present,Luxury Streetwear & Post-Hype,Pants,Slim-fit Prada nylon pants in black
East Coast,2016-Present,Luxury Streetwear & Post-Hype,Pants,"Relaxed-fit Dickies work pants in tan, archival revival"
East Coast,2016-Present,Luxury Streetwear & Post-Hype,Tops,Relaxed-fit Prada nylon zip jacket in black
East Coast,2016-Present,Luxury Streetwear & Post-Hype,Tops,Oversized vintage graphic tee in faded black
East Coast,2016-Present,Luxury Streetwear & Post-Hype,Tops,Oversized Marni floral-print camp collar shirt
East Coast,2016-Present,Luxury Streetwear & Post-Hype,Tops,Relaxed-fit Loewe puzzle-pattern knit sweater
East Coast,2016-Present,Luxury Streetwear & Post-Hype,Tops,Relaxed-fit Jil Sander oversized cotton tee in off-white
East Coast,2016-Present,Luxury Streetwear & Post-Hype,Tops,Oversized Rick Owens leather bomber jacket in black
East Coast,2016-Present,Luxury Streetwear & Post-Hype,Tops,Fitted knit balaclava in black
East Coast,2016-Present,Luxury Streetwear & Post-Hype,Tops,Relaxed-fit custom hand-dyed garment in muted earth tones
East Coast,2016-Present,Luxury Streetwear & Post-Hype,Accessories,Bottega Veneta Tire boots in black leather
East Coast,2016-Present,Luxury Streetwear & Post-Hype,Accessories,New Balance 550 sneakers in white and cream
East Coast,2016-Present,Luxury Streetwear & Post-Hype,Accessories,Salomon XT-6 sneakers in silver and black
East Coast,2016-Present,Luxury Streetwear & Post-Hype,Accessories,Layered silver chain necklaces in varying lengths
East Coast,2016-Present,Luxury Streetwear & Post-Hype,Accessories,Chrome Hearts cross pendant on silver chain
East Coast,2016-Present,Luxury Streetwear & Post-Hype,Accessories,Vivienne Westwood pearl choker necklace
East Coast,2016-Present,Luxury Streetwear & Post-Hype,Accessories,Canvas tote bag in black
East Coast,2016-Present,Luxury Streetwear & Post-Hype,Accessories,Archival Oakley razor blade sunglasses
South,1986-1995,"Bass, Bounce & Early Houston",Pants,Baggy dark-wash denim jeans with a loose straight leg
South,1986-1995,"Bass, Bounce & Early Houston",Pants,Baggy Girbaud jeans with shuttle buckle strap in medium wash
South,1986-1995,"Bass, Bounce & Early Houston",Pants,Relaxed-fit Guess jeans in light wash with triangle logo
South,1986-1995,"Bass, Bounce & Early Houston",Pants,Baggy pleated khaki pants with a wide leg
South,1986-1995,"Bass, Bounce & Early Houston",Pants,Baggy basketball shorts falling below the knee in team colors
South,1986-1995,"Bass, Bounce & Early Houston",Tops,Oversized Rap-A-Lot Records graphic tee in black
South,1986-1995,"Bass, Bounce & Early Houston",Tops,Oversized No Limit Records tank top in white with gold logo
South,1986-1995,"Bass, Bounce & Early Houston",Tops,Relaxed-fit airbrushed custom graphic tee with name and portrait
South,1986-1995,"Bass, Bounce & Early Houston",Tops,Very tall plain white tee in 3XL
South,1986-1995,"Bass, Bounce & Early Houston",Tops,Oversized Starter pullover jacket with Houston Rockets NBA logo
South,1986-1995,"Bass, Bounce & Early Houston",Tops,"Oversized Houston Rockets NBA jersey, early-1990s mesh with red and white"
South,1986-1995,"Bass, Bounce & Early Houston",Tops,"Oversized New Orleans Saints NFL jersey, early-1990s mesh with black and gold"
South,1986-1995,"Bass, Bounce & Early Houston",Tops,"Oversized Atlanta Braves MLB jersey, early-1990s mesh with navy and red tomahawk"
South,1986-1995,"Bass, Bounce & Early Houston",Accessories,"Gold fronts on front teeth, precursor to full grillz"
South,1986-1995,"Bass, Bounce & Early Houston",Accessories,"Gold rope chain necklace, medium gauge"
South,1986-1995,"Bass, Bounce & Early Houston",Accessories,Kangol bucket hat in black
South,1986-1995,"Bass, Bounce & Early Houston",Accessories,Nike Air Max 90 sneakers in white and infrared
South,1986-1995,"Bass, Bounce & Early Houston",Accessories,Nike Air Max 95 sneakers in neon green and black
South,1986-1995,"Bass, Bounce & Early Houston",Accessories,Reebok Classic Leather sneakers in all white
South,1986-1995,"Bass, Bounce & Early Houston",Accessories,Motorola beeper clipped to waistband
South,1986-1995,"Bass, Bounce & Early Houston",Accessories,High-top fade haircut
South,1995-2001,"No Limit, Cash Money & Screwed Up",Pants,Very baggy Girbaud jeans with shuttle buckle in light wash
South,1995-2001,"No Limit, Cash Money & Screwed Up",Pants,Very baggy denim shorts falling below the knee in dark wash
South,1995-2001,"No Limit, Cash Money & Screwed Up",Pants,Very baggy Dickies work pants in charcoal
South,1995-2001,"No Limit, Cash Money & Screwed Up",Pants,"Very wide-leg jeans in medium wash, JNCO-adjacent cut"
South,1995-2001,"No Limit, Cash Money & Screwed Up",Pants,Very baggy camouflage cargo pants in woodland camo
South,1995-2001,"No Limit, Cash Money & Screwed Up",Tops,Oversized No Limit Records soldier tank top in olive drab
South,1995-2001,"No Limit, Cash Money & Screwed Up",Tops,Oversized camouflage matching set jacket and pants in woodland camo
South,1995-2001,"No Limit, Cash Money & Screwed Up",Tops,Oversized custom screen-printed jersey with No Limit branding
South,1995-2001,"No Limit, Cash Money & Screwed Up",Tops,"Very tall plain white tee in 4XL, getting taller"
South,1995-2001,"No Limit, Cash Money & Screwed Up",Tops,Oversized NBA throwback jersey in retro Houston Rockets design
South,1995-2001,"No Limit, Cash Money & Screwed Up",Tops,Oversized NFL throwback jersey in retro New Orleans Saints design
South,1995-2001,"No Limit, Cash Money & Screwed Up",Tops,Oversized polo shirt with popped collar in bright color
South,1995-2001,"No Limit, Cash Money & Screwed Up",Tops,"Oversized Coogi sweater in multi-color knit, Houston adoption"
South,1995-2001,"No Limit, Cash Money & Screwed Up",Accessories,Full gold grillz set covering top and bottom teeth
South,1995-2001,"No Limit, Cash Money & Screwed Up",Accessories,Full platinum grillz set covering top and bottom teeth
South,1995-2001,"No Limit, Cash Money & Screwed Up",Accessories,"Iced-out diamond medallion pendant on platinum chain, Cash Money era"
South,1995-2001,"No Limit, Cash Money & Screwed Up",Accessories,All-white Nike Air Force 1 low-top sneakers
South,1995-2001,"No Limit, Cash Money & Screwed Up",Accessories,Reebok Classic Leather sneakers in all white
South,1995-2001,"No Limit, Cash Money & Screwed Up",Accessories,New Era fitted cap in team colors
South,1995-2001,"No Limit, Cash Money & Screwed Up",Accessories,Trucker hat with mesh back in camo print
South,1995-2001,"No Limit, Cash Money & Screwed Up",Accessories,Diamond-encrusted platinum watch
South,2001-2006,Crunk & Early Trap,Pants,"Very baggy jeans in dark indigo, still dominant Southern silhouette"
South,2001-2006,Crunk & Early Trap,Pants,Baggy denim shorts below the knee in medium wash
South,2001-2006,Crunk & Early Trap,Pants,Baggy basketball shorts with compression shorts underneath
South,2001-2006,Crunk & Early Trap,Pants,Baggy Akademiks denim jeans with logo embroidery
South,2001-2006,Crunk & Early Trap,Pants,Baggy Rocawear jeans in dark wash
South,2001-2006,Crunk & Early Trap,Tops,"Very oversized white tee in 5XL, ATL cultural statement"
South,2001-2006,Crunk & Early Trap,Tops,"Very oversized plain colored tee in red, 5XL"
South,2001-2006,Crunk & Early Trap,Tops,"Very oversized plain colored tee in royal blue, 5XL"
South,2001-2006,Crunk & Early Trap,Tops,Oversized NBA throwback jersey in retro Atlanta Hawks design with bright red and yellow
South,2001-2006,Crunk & Early Trap,Tops,Oversized NFL throwback jersey in retro Atlanta Falcons design in red and black
South,2001-2006,Crunk & Early Trap,Tops,Relaxed-fit velour tracksuit jacket with zip front in black
South,2001-2006,Crunk & Early Trap,Tops,Relaxed-fit Lacoste polo shirt in solid bright color
South,2001-2006,Crunk & Early Trap,Tops,Oversized camo jacket in woodland print
South,2001-2006,Crunk & Early Trap,Tops,Oversized fur-trimmed parka coat in black
South,2001-2006,Crunk & Early Trap,Accessories,Oversized custom diamond pendant chain (Gucci Mane ice cream cone style)
South,2001-2006,Crunk & Early Trap,Accessories,Full diamond and gold grillz set on top and bottom teeth
South,2001-2006,Crunk & Early Trap,Accessories,New Era 59FIFTY fitted cap with flat brim in Atlanta Braves colors
South,2001-2006,Crunk & Early Trap,Accessories,Air Jordan 11 Retro sneakers in Bred colorway
South,2001-2006,Crunk & Early Trap,Accessories,Air Jordan 12 Retro sneakers in Taxi colorway
South,2001-2006,Crunk & Early Trap,Accessories,Oversized stunner shades with rhinestone detailing
South,2001-2006,Crunk & Early Trap,Accessories,Large diamond stud earrings in both ears
South,2006-2012,"Snap, Trap & Mixtape Era",Pants,"Skinny-fit jeans entering Southern rap, Lil Wayne influence"
South,2006-2012,"Snap, Trap & Mixtape Era",Pants,Ultra-skinny painted-on Tripp pants in black with chains
South,2006-2012,"Snap, Trap & Mixtape Era",Pants,Skinny-fit colored denim jeans in bright red
South,2006-2012,"Snap, Trap & Mixtape Era",Pants,Skinny-fit colored denim jeans in neon green
South,2006-2012,"Snap, Trap & Mixtape Era",Pants,Slim-fit Robin's Jeans with rhinestone-studded back pockets
South,2006-2012,"Snap, Trap & Mixtape Era",Tops,Relaxed-fit Ed Hardy graphic tee with tattoo-inspired prints
South,2006-2012,"Snap, Trap & Mixtape Era",Tops,Relaxed-fit Affliction graphic tee with distressed prints
South,2006-2012,"Snap, Trap & Mixtape Era",Tops,"Oversized Gucci monogram print tee, Gucci Mane lifestyle era"
South,2006-2012,"Snap, Trap & Mixtape Era",Tops,Oversized Gucci belt-logo hoodie in black
South,2006-2012,"Snap, Trap & Mixtape Era",Tops,Relaxed-fit scarf-style bandana wrapped around the head
South,2006-2012,"Snap, Trap & Mixtape Era",Tops,Fitted studded leather vest over a plain tee
South,2006-2012,"Snap, Trap & Mixtape Era",Tops,Oversized Coogi sweater revival in multi-color knit
South,2006-2012,"Snap, Trap & Mixtape Era",Accessories,Air Jordan Retro sneakers in rotating limited colorways
South,2006-2012,"Snap, Trap & Mixtape Era",Accessories,"Diamond Audemars Piguet Royal Oak watch, aspirational luxury"
South,2006-2012,"Snap, Trap & Mixtape Era",Accessories,Oversized rhinestone-studded belt buckle
South,2006-2012,"Snap, Trap & Mixtape Era",Accessories,"Long dreadlocks past the shoulders, Lil Wayne influence"
South,2006-2012,"Snap, Trap & Mixtape Era",Accessories,"Face tattoos, early adoption as personal branding"
South,2006-2012,"Snap, Trap & Mixtape Era",Accessories,Lean-purple-inspired accessories and clothing accents
South,2012-2017,Trap Goes Mainstream,Pants,"Ultra-skinny jeans in black, Young Thug and Future silhouette"
South,2012-2017,Trap Goes Mainstream,Pants,Slim-fit distressed and ripped denim jeans with heavy knee blowouts
South,2012-2017,Trap Goes Mainstream,Pants,Slim-fit Amiri jeans with shotgun-blast distressing in medium wash
South,2012-2017,Trap Goes Mainstream,Pants,Slim-fit black leather pants with moto-style ribbing
South,2012-2017,Trap Goes Mainstream,Pants,Slim-fit Balmain biker jeans with ribbed knee panels in black
South,2012-2017,Trap Goes Mainstream,Tops,Oversized pullover hoodie in distressed cotton
South,2012-2017,Trap Goes Mainstream,Tops,Oversized Vetements oversized-fit hoodie with logo print
South,2012-2017,Trap Goes Mainstream,Tops,Oversized Off-White diagonal-stripe tee in white
South,2012-2017,Trap Goes Mainstream,Tops,"Relaxed-fit tour merch graphic tee, concert as fashion"
South,2012-2017,Trap Goes Mainstream,Tops,"Relaxed-fit vintage band tee, faded and distressed"
South,2012-2017,Trap Goes Mainstream,Tops,"Full-length fur coat in white, Gucci Mane and 2 Chainz era"
South,2012-2017,Trap Goes Mainstream,Tops,Oversized camouflage jacket in desert camo print
South,2012-2017,Trap Goes Mainstream,Accessories,Christian Louboutin red-bottom sneakers in black leather with spikes
South,2012-2017,Trap Goes Mainstream,Accessories,Air Jordan 1 Retro high-top sneakers in banned colorway
South,2012-2017,Trap Goes Mainstream,Accessories,Air Jordan 4 Retro sneakers in white cement colorway
South,2012-2017,Trap Goes Mainstream,Accessories,Audemars Piguet Royal Oak watch in rose gold with diamond bezel
South,2012-2017,Trap Goes Mainstream,Accessories,Fully iced-out diamond Cuban link chain necklace
South,2012-2017,Trap Goes Mainstream,Accessories,Face tattoos normalized as standard expression
South,2012-2017,Trap Goes Mainstream,Accessories,Colored dreadlocks in bright red and blonde
South,2012-2017,Trap Goes Mainstream,Accessories,Colored dreadlocks in purple and blue
South,2017-Present,ATL Dominance & New South,Pants,Wide-leg pants returning in oversized silhouette
South,2017-Present,ATL Dominance & New South,Pants,Very baggy Rick Owens drop-crotch pants in black
South,2017-Present,ATL Dominance & New South,Pants,Oversized Balenciaga wide-leg denim jeans in faded wash
South,2017-Present,ATL Dominance & New South,Pants,Relaxed-fit Issey Miyake Homme Plissé pleated pants in black
South,2017-Present,ATL Dominance & New South,Pants,"Custom-fit leather pants in black, one-of-one pieces"
South,2017-Present,ATL Dominance & New South,Pants,"Relaxed-fit vintage Wrangler jeans in medium wash, country-trap crossover"
South,2017-Present,ATL Dominance & New South,Tops,Tailored Thom Browne suit jacket with grosgrain trim in gray
South,2017-Present,ATL Dominance & New South,Tops,"Oversized Rick Owens leather jacket in black, Playboi Carti uniform"
South,2017-Present,ATL Dominance & New South,Tops,Oversized Balenciaga logo hoodie in washed black
South,2017-Present,ATL Dominance & New South,Tops,Oversized Maison Margiela deconstructed blazer
South,2017-Present,ATL Dominance & New South,Tops,"Custom one-of-one designer top, handmade for the artist"
South,2017-Present,ATL Dominance & New South,Tops,Oversized vintage sportswear crewneck sweatshirt in faded colorway
South,2017-Present,ATL Dominance & New South,Tops,Relaxed-fit mesh or sheer top in black
South,2017-Present,ATL Dominance & New South,Tops,"Relaxed-fit skirt or kilt worn over pants, Young Thug and Carti influence"
South,2017-Present,ATL Dominance & New South,Accessories,Rick Owens Ramones high-top sneakers in black
South,2017-Present,ATL Dominance & New South,Accessories,Balenciaga Triple S sneakers in gray and red
South,2017-Present,ATL Dominance & New South,Accessories,Balenciaga Track sneakers in black and orange
South,2017-Present,ATL Dominance & New South,Accessories,Chrome Hearts cross pendant on silver chain
South,2017-Present,ATL Dominance & New South,Accessories,Chrome Hearts dagger ring in sterling silver
South,2017-Present,ATL Dominance & New South,Accessories,Chrome Hearts plus-sign earring in sterling silver
South,2017-Present,ATL Dominance & New South,Accessories,"Pearl necklace on a male rapper, Young Thug influence"
South,2017-Present,ATL Dominance & New South,Accessories,Painted fingernails in black or bright colors
South,2017-Present,ATL Dominance & New South,Accessories,Spike-studded jewelry: bracelets and chokers
South,2017-Present,ATL Dominance & New South,Accessories,Custom diamond pendant by Eliantte jeweler
Midwest,1988-1997,Early Midwest Underground,Pants,Baggy jeans in dark indigo with a straight leg
Midwest,1988-1997,Early Midwest Underground,Pants,Relaxed-fit Carhartt double-front work pants in brown duck
Midwest,1988-1997,Early Midwest Underground,Pants,Very baggy Dickies work pants in charcoal
Midwest,1988-1997,Early Midwest Underground,Pants,Very baggy Karl Kani jeans with embroidered logo
Midwest,1988-1997,Early Midwest Underground,Pants,Baggy denim overalls with one strap down in medium wash
Midwest,1988-1997,Early Midwest Underground,Pants,Relaxed-fit khaki pants in Timberland-matching tan
Midwest,1988-1997,Early Midwest Underground,Tops,Relaxed-fit Carhartt hooded jacket in brown duck canvas
Midwest,1988-1997,Early Midwest Underground,Tops,Oversized hooded sweatshirt in heather gray
Midwest,1988-1997,Early Midwest Underground,Tops,"Oversized Chicago Bulls NBA jersey, 1990s mesh with red and black, Michael Jordan era"
Midwest,1988-1997,Early Midwest Underground,Tops,"Oversized Detroit Pistons NBA jersey, 1990s mesh with teal and red, Bad Boys era"
Midwest,1988-1997,Early Midwest Underground,Tops,"Oversized Indiana Pacers NBA jersey, 1990s mesh with navy and gold, Reggie Miller era"
Midwest,1988-1997,Early Midwest Underground,Tops,Oversized graphic tee with regional hip-hop label logo
Midwest,1988-1997,Early Midwest Underground,Tops,Oversized Starter pullover jacket with Chicago Bears NFL logo
Midwest,1988-1997,Early Midwest Underground,Tops,Relaxed-fit flannel shirt in red and black plaid
Midwest,1988-1997,Early Midwest Underground,Accessories,Timberland 6-inch premium boots in wheat nubuck
Midwest,1988-1997,Early Midwest Underground,Accessories,Nike Air Max 95 sneakers in black and neon
Midwest,1988-1997,Early Midwest Underground,Accessories,New Era fitted cap with Chicago Bulls logo
Midwest,1988-1997,Early Midwest Underground,Accessories,New Era fitted cap with Detroit Pistons logo
Midwest,1988-1997,Early Midwest Underground,Accessories,"Gold chain necklace, medium gauge"
Midwest,1988-1997,Early Midwest Underground,Accessories,Motorola beeper clipped to waistband
Midwest,1988-1997,Early Midwest Underground,Accessories,"Cartier C Décor glasses with gold wire frames, Detroit early adoption"
Midwest,1997-2004,Backpack & Midwest Rise,Pants,"Baggy jeans in medium wash, moderate bagginess compared to coasts"
Midwest,1997-2004,Backpack & Midwest Rise,Pants,Relaxed-fit cargo pants in olive green
Midwest,1997-2004,Backpack & Midwest Rise,Pants,Relaxed-fit khaki chinos
Midwest,1997-2004,Backpack & Midwest Rise,Pants,Baggy Rocawear denim jeans with logo stitching
Midwest,1997-2004,Backpack & Midwest Rise,Pants,Baggy Ecko Unlimited denim jeans with rhino embroidery
Midwest,1997-2004,Backpack & Midwest Rise,Tops,Relaxed-fit earth-tone pullover hoodie in olive or brown
Midwest,1997-2004,Backpack & Midwest Rise,Tops,Relaxed-fit army surplus field jacket in olive drab
Midwest,1997-2004,Backpack & Midwest Rise,Tops,Relaxed-fit vintage graphic tee in faded earth tones
Midwest,1997-2004,Backpack & Midwest Rise,Tops,Fitted polo shirt in solid color
Midwest,1997-2004,Backpack & Midwest Rise,Tops,Relaxed-fit hoodie layered under a denim jacket
Midwest,1997-2004,Backpack & Midwest Rise,Tops,"Relaxed-fit leather jacket paired with a scarf, Common's bohemian aesthetic"
Midwest,1997-2004,Backpack & Midwest Rise,Accessories,Clarks Wallabee shoes in sand suede
Midwest,1997-2004,Backpack & Midwest Rise,Accessories,Air Jordan Retro sneakers in classic colorways
Midwest,1997-2004,Backpack & Midwest Rise,Accessories,"Canvas messenger bag slung cross-body, backpacker staple"
Midwest,1997-2004,Backpack & Midwest Rise,Accessories,Wooden bead necklace with African-inspired pendant
Midwest,1997-2004,Backpack & Midwest Rise,Accessories,Afrocentric silver ring with ankh symbol
Midwest,1997-2004,Backpack & Midwest Rise,Accessories,Trucker hat with mesh back in vintage style
Midwest,1997-2004,Backpack & Midwest Rise,Accessories,Modest thin gold chain necklace
Midwest,2004-2010,Kanye Disruption,Pants,"Skinny-fit jeans in dark indigo, Kanye made skinny acceptable in hip-hop"
Midwest,2004-2010,Kanye Disruption,Pants,Tailored slim chinos in khaki
Midwest,2004-2010,Kanye Disruption,Pants,Skinny-fit colored denim jeans in bright pink
Midwest,2004-2010,Kanye Disruption,Pants,Skinny-fit colored denim jeans in sky blue
Midwest,2004-2010,Kanye Disruption,Pants,Baggy Bathing Ape (BAPE) camo pants in green camo
Midwest,2004-2010,Kanye Disruption,Pants,Slim-fit Louis Vuitton monogram printed pants
Midwest,2004-2010,Kanye Disruption,Tops,Preppy popped-collar polo shirt layered two to three deep in contrasting pastels
Midwest,2004-2010,Kanye Disruption,Tops,Tailored blazer worn with sneakers and a graphic tee underneath
Midwest,2004-2010,Kanye Disruption,Tops,Oversized Louis Vuitton monogram print jacket
Midwest,2004-2010,Kanye Disruption,Tops,Relaxed-fit pastel-color cardigan sweater over a collared shirt
Midwest,2004-2010,Kanye Disruption,Tops,Relaxed-fit Louis Vuitton backpack worn as a fashion statement over both shoulders
Midwest,2004-2010,Kanye Disruption,Tops,Kanye West shutter shades with slotted plastic lenses in white
Midwest,2004-2010,Kanye Disruption,Tops,Fitted prep school-style argyle sweater vest over a white button-down
Midwest,2004-2010,Kanye Disruption,Accessories,Louis Vuitton monogram backpack
Midwest,2004-2010,Kanye Disruption,Accessories,Louis Vuitton keepall duffle bag
Midwest,2004-2010,Kanye Disruption,Accessories,Air Jordan Retro sneakers paired with blazers
Midwest,2004-2010,Kanye Disruption,Accessories,"Nike Air Yeezy 1 sneakers in black and pink, 2009 game-changer"
Midwest,2004-2010,Kanye Disruption,Accessories,Oversized aviator sunglasses with gold frames
Midwest,2004-2010,Kanye Disruption,Accessories,Kanye West shutter shades in white
Midwest,2004-2010,Kanye Disruption,Accessories,Diamond-encrusted Jacob & Co watch
Midwest,2010-2015,Drill & Yeezus Era,Pants,"Slim-fit black leather pants, Kanye Yeezus tour silhouette"
Midwest,2010-2015,Drill & Yeezus Era,Pants,"Skinny-fit black jeans, Chicago drill uniform"
Midwest,2010-2015,Drill & Yeezus Era,Pants,Slim-fit distressed denim jeans with rips at the knee
Midwest,2010-2015,Drill & Yeezus Era,Pants,Slim-fit jogger pants with elastic cuffs in black
Midwest,2010-2015,Drill & Yeezus Era,Pants,Very baggy drop-crotch pants in earth-tone neutrals
Midwest,2010-2015,Drill & Yeezus Era,Pants,Slim-fit Yeezy Season sweatpants in sand
Midwest,2010-2015,Drill & Yeezus Era,Tops,"Oversized black pullover hoodie, Chicago drill uniform staple"
Midwest,2010-2015,Drill & Yeezus Era,Tops,Oversized parka coat in black with fur-trimmed hood
Midwest,2010-2015,Drill & Yeezus Era,Tops,Relaxed-fit MA-1 bomber jacket in olive green nylon
Midwest,2010-2015,Drill & Yeezus Era,Tops,Oversized Pyrex Vision flannel shirt by Virgil Abloh
Midwest,2010-2015,Drill & Yeezus Era,Tops,"Relaxed-fit plain earth-tone tee in sand, Yeezy aesthetic"
Midwest,2010-2015,Drill & Yeezus Era,Tops,"Relaxed-fit plain earth-tone tee in military olive, Yeezy aesthetic"
Midwest,2010-2015,Drill & Yeezus Era,Tops,Oversized Yeezy Season prototype hoodie in dark gray
Midwest,2010-2015,Drill & Yeezus Era,Tops,"Black ski mask pulled over face, drill aesthetic"
Midwest,2010-2015,Drill & Yeezus Era,Accessories,Adidas Yeezy Boost 350 sneakers in Turtle Dove colorway
Midwest,2010-2015,Drill & Yeezus Era,Accessories,Adidas Yeezy Boost 350 sneakers in Pirate Black colorway
Midwest,2010-2015,Drill & Yeezus Era,Accessories,Nike Roshe Run sneakers in black and white
Midwest,2010-2015,Drill & Yeezus Era,Accessories,Nike Foamposite sneakers in galaxy print
Midwest,2010-2015,Drill & Yeezus Era,Accessories,Black ski mask covering entire face except eyes
Midwest,2010-2015,Drill & Yeezus Era,Accessories,Face tattoos as standard drill-scene expression
Midwest,2010-2015,Drill & Yeezus Era,Accessories,Minimalist thin gold chain necklace
Midwest,2010-2015,Drill & Yeezus Era,Accessories,Medium-length dreadlocks
Midwest,2015-2020,Yeezy Empire & Chicago Drill 2.0,Pants,Relaxed-fit Yeezy Season sweatpants in earth-tone neutrals
Midwest,2015-2020,Yeezy Empire & Chicago Drill 2.0,Pants,Baggy military-style cargo pants in olive drab
Midwest,2015-2020,Yeezy Empire & Chicago Drill 2.0,Pants,Oversized sweatpants with a dropped crotch in faded black
Midwest,2015-2020,Yeezy Empire & Chicago Drill 2.0,Pants,Slim-fit distressed denim jeans in faded wash
Midwest,2015-2020,Yeezy Empire & Chicago Drill 2.0,Pants,Slim-fit Adidas Calabasas track pants with side-stripe in burgundy
Midwest,2015-2020,Yeezy Empire & Chicago Drill 2.0,Pants,Slim-fit Adidas Calabasas track pants with side-stripe in gray
Midwest,2015-2020,Yeezy Empire & Chicago Drill 2.0,Tops,Oversized Yeezy Season pullover hoodie in sand
Midwest,2015-2020,Yeezy Empire & Chicago Drill 2.0,Tops,Oversized Yeezy Season military-inspired jacket in olive
Midwest,2015-2020,Yeezy Empire & Chicago Drill 2.0,Tops,Relaxed-fit Carhartt WIP hooded jacket in black
Midwest,2015-2020,Yeezy Empire & Chicago Drill 2.0,Tops,Relaxed-fit military-inspired field jacket in camo
Midwest,2015-2020,Yeezy Empire & Chicago Drill 2.0,Tops,Relaxed-fit blank earth-tone tee in clay
Midwest,2015-2020,Yeezy Empire & Chicago Drill 2.0,Tops,Oversized puffer jacket in matte black
Midwest,2015-2020,Yeezy Empire & Chicago Drill 2.0,Tops,"Oversized Off-White diagonal-arrow hoodie, Virgil Abloh Chicago connection"
Midwest,2015-2020,Yeezy Empire & Chicago Drill 2.0,Accessories,Adidas Yeezy Boost 350 V2 sneakers in Zebra colorway
Midwest,2015-2020,Yeezy Empire & Chicago Drill 2.0,Accessories,Adidas Yeezy 700 sneakers in Wave Runner colorway
Midwest,2015-2020,Yeezy Empire & Chicago Drill 2.0,Accessories,Adidas Yeezy 500 sneakers in Blush colorway
Midwest,2015-2020,Yeezy Empire & Chicago Drill 2.0,Accessories,Off-White x Nike Air Presto sneakers in white
Midwest,2015-2020,Yeezy Empire & Chicago Drill 2.0,Accessories,Off-White x Nike Air Jordan 1 sneakers in Chicago colorway
Midwest,2015-2020,Yeezy Empire & Chicago Drill 2.0,Accessories,"Minimalist gold jewelry, single thin chain"
Midwest,2015-2020,Yeezy Empire & Chicago Drill 2.0,Accessories,Unstructured dad hat in washed neutral color
Midwest,2015-2020,Yeezy Empire & Chicago Drill 2.0,Accessories,Black knit balaclava pulled over head
Midwest,2015-2020,Yeezy Empire & Chicago Drill 2.0,Accessories,"Cartier C Décor buffalo glasses with gold wire frames, Detroit influence spreading"
Midwest,2020-Present,Post-Kanye & New Chicago,Pants,Wide-leg cargo pants with oversized pockets in black
Midwest,2020-Present,Post-Kanye & New Chicago,Pants,Relaxed-fit vintage Carhartt work pants in faded brown
Midwest,2020-Present,Post-Kanye & New Chicago,Pants,Relaxed-fit straight-leg denim jeans in medium wash
Midwest,2020-Present,Post-Kanye & New Chicago,Pants,Oversized Balenciaga wide-leg trousers in black
Midwest,2020-Present,Post-Kanye & New Chicago,Pants,Relaxed-fit archival Japanese selvedge denim jeans in raw indigo
Midwest,2020-Present,Post-Kanye & New Chicago,Tops,Oversized vintage sportswear crewneck in faded colorway
Midwest,2020-Present,Post-Kanye & New Chicago,Tops,Oversized distressed pullover hoodie in washed black
Midwest,2020-Present,Post-Kanye & New Chicago,Tops,Relaxed-fit layered earth-tone outfit: tee under overshirt under jacket
Midwest,2020-Present,Post-Kanye & New Chicago,Tops,Relaxed-fit Marni graphic knit sweater in multi-color
Midwest,2020-Present,Post-Kanye & New Chicago,Tops,Relaxed-fit Jil Sander oversized cotton shirt in cream
Midwest,2020-Present,Post-Kanye & New Chicago,Tops,"Fitted leather jacket in black, vintage motorcycle style"
Midwest,2020-Present,Post-Kanye & New Chicago,Tops,Relaxed-fit Carhartt chore coat in faded duck canvas
Midwest,2020-Present,Post-Kanye & New Chicago,Accessories,New Balance 990v5 sneakers in gray
Midwest,2020-Present,Post-Kanye & New Chicago,Accessories,New Balance 2002R sneakers in protection pack colorway
Midwest,2020-Present,Post-Kanye & New Chicago,Accessories,Asics Gel-Kayano 14 sneakers in silver
Midwest,2020-Present,Post-Kanye & New Chicago,Accessories,Salomon XT-6 sneakers in black and silver
Midwest,2020-Present,Post-Kanye & New Chicago,Accessories,Chrome Hearts silver chain necklace with cross pendant
Midwest,2020-Present,Post-Kanye & New Chicago,Accessories,Layered silver chain necklaces in varying gauges
Midwest,2020-Present,Post-Kanye & New Chicago,Accessories,Vintage Seiko automatic watch on leather strap
Midwest,2020-Present,Post-Kanye & New Chicago,Accessories,Canvas tote bag in natural or black
Midwest,2020-Present,Post-Kanye & New Chicago,Accessories,Porter Tanker crossbody bag in olive
Paris,1984-1995,Old School French Rap,Pants,Straight-leg Levi's 501 jeans in dark indigo
Paris,1984-1995,Old School French Rap,Pants,Relaxed-fit Chevignon pants in khaki
Paris,1984-1995,Old School French Rap,Pants,Slim-fit Schött leather pants in black
Paris,1984-1995,Old School French Rap,Pants,Slim-fit Lacoste tracksuit bottoms in navy with croc logo
Paris,1984-1995,Old School French Rap,Pants,Slim-fit Sergio Tacchini track pants in white with color blocking
Paris,1984-1995,Old School French Rap,Pants,Slim-fit Adidas track pants with three-stripe detailing in black
Paris,1984-1995,Old School French Rap,Tops,Fitted Lacoste polo shirt in solid green with embroidered crocodile
Paris,1984-1995,Old School French Rap,Tops,Fitted Lacoste polo shirt in solid white with embroidered crocodile
Paris,1984-1995,Old School French Rap,Tops,Relaxed-fit Chevignon leather bomber jacket in brown
Paris,1984-1995,Old School French Rap,Tops,Relaxed-fit Teddy Smith logo sweatshirt in gray
Paris,1984-1995,Old School French Rap,Tops,Fitted Schött bomber jacket in black nylon
Paris,1984-1995,Old School French Rap,Tops,Fitted Adidas tracksuit jacket with zip front in royal blue
Paris,1984-1995,Old School French Rap,Tops,Fitted Le Coq Sportif tracksuit jacket in navy
Paris,1984-1995,Old School French Rap,Accessories,Nike Air Max BW sneakers in Persian Violet colorway
Paris,1984-1995,Old School French Rap,Accessories,Nike Air Max 90 sneakers in infrared colorway
Paris,1984-1995,Old School French Rap,Accessories,Nike Air Max 95 sneakers in neon green and black
Paris,1984-1995,Old School French Rap,Accessories,Reebok Classic Leather sneakers in all white
Paris,1984-1995,Old School French Rap,Accessories,Lacoste bucket hat in white with croc logo
Paris,1984-1995,Old School French Rap,Accessories,"Gold chain necklace, medium gauge"
Paris,1984-1995,Old School French Rap,Accessories,Casio digital watch on wrist
Paris,1995-2005,Golden Age French Rap,Pants,"Baggy jeans in medium wash, sagging at the waist"
Paris,1995-2005,Golden Age French Rap,Pants,Baggy FUBU jeans with oversized logo
Paris,1995-2005,Golden Age French Rap,Pants,Baggy Karl Kani jeans in dark wash
Paris,1995-2005,Golden Age French Rap,Pants,Slim-fit Nike track pants in black with swoosh
Paris,1995-2005,Golden Age French Rap,Pants,Slim-fit Lacoste jogger pants in navy
Paris,1995-2005,Golden Age French Rap,Tops,Relaxed-fit Lacoste tracksuit jacket in white with croc logo
Paris,1995-2005,Golden Age French Rap,Tops,Oversized North Face Nuptse puffer jacket in black
Paris,1995-2005,Golden Age French Rap,Tops,"Oversized NBA jersey in retro Los Angeles Lakers design, 1990s style"
Paris,1995-2005,Golden Age French Rap,Tops,"Oversized Paris Saint-Germain football jersey, late-1990s Nike with navy and red"
Paris,1995-2005,Golden Age French Rap,Tops,Oversized pullover hoodie in dark colors
Paris,1995-2005,Golden Age French Rap,Tops,Relaxed-fit bomber jacket in black nylon
Paris,1995-2005,Golden Age French Rap,Tops,Relaxed-fit Schött leather jacket in black
Paris,1995-2005,Golden Age French Rap,Tops,Relaxed-fit Helly Hansen sailing jacket in bright color
Paris,1995-2005,Golden Age French Rap,Accessories,"Nike Air Max Plus (TN) sneakers in black and red, banlieue uniform"
Paris,1995-2005,Golden Age French Rap,Accessories,Nike Air Max Plus (TN) sneakers in hyper blue
Paris,1995-2005,Golden Age French Rap,Accessories,Nike Air Max Plus (TN) sneakers in triple black
Paris,1995-2005,Golden Age French Rap,Accessories,Lacoste flat cap in white with croc logo
Paris,1995-2005,Golden Age French Rap,Accessories,"Gold chain necklace, medium weight"
Paris,1995-2005,Golden Age French Rap,Accessories,Casio G-Shock watch in black
Paris,2005-2013,Street to Fashion Bridge,Pants,"Slim-fit jeans in dark indigo, European slim cut arriving"
Paris,2005-2013,Street to Fashion Bridge,Pants,Slim-fit Diesel denim jeans in distressed wash
Paris,2005-2013,Street to Fashion Bridge,Pants,Slim-fit G-Star Raw denim jeans in 3D tapered cut
Paris,2005-2013,Street to Fashion Bridge,Pants,Slim-fit Levi's 511 jeans in dark wash
Paris,2005-2013,Street to Fashion Bridge,Pants,Slim-fit Nike Tech Fleece jogger pants in black
Paris,2005-2013,Street to Fashion Bridge,Pants,Slim-fit Adidas track pants with three-stripe in black
Paris,2005-2013,Street to Fashion Bridge,Tops,Oversized Moncler puffer jacket in black with hood
Paris,2005-2013,Street to Fashion Bridge,Tops,Relaxed-fit Stone Island overshirt with compass badge in olive
Paris,2005-2013,Street to Fashion Bridge,Tops,Relaxed-fit CP Company goggle jacket in navy
Paris,2005-2013,Street to Fashion Bridge,Tops,"Relaxed-fit Givenchy Rottweiler print tee, Riccardo Tisci era"
Paris,2005-2013,Street to Fashion Bridge,Tops,Oversized pullover hoodie in dark gray
Paris,2005-2013,Street to Fashion Bridge,Tops,Oversized North Face Nuptse puffer in black
Paris,2005-2013,Street to Fashion Bridge,Accessories,Nike Air Max Plus (TN) sneakers still dominant in black
Paris,2005-2013,Street to Fashion Bridge,Accessories,Nike Air Max 90 sneakers in white
Paris,2005-2013,Street to Fashion Bridge,Accessories,Giuseppe Zanotti high-top sneakers with gold hardware
Paris,2005-2013,Street to Fashion Bridge,Accessories,Beats by Dre headphones worn around neck
Paris,2005-2013,Street to Fashion Bridge,Accessories,Minimal gold chain necklace
Paris,2005-2013,Street to Fashion Bridge,Accessories,Lacoste snapback cap in navy
Paris,2013-2019,French Trap & Luxury,Pants,Slim-fit Amiri jeans with shotgun distressing in medium wash
Paris,2013-2019,French Trap & Luxury,Pants,Slim-fit Balmain biker jeans with ribbed knee panels in black
Paris,2013-2019,French Trap & Luxury,Pants,Relaxed-fit Givenchy printed pants with star motif
Paris,2013-2019,French Trap & Luxury,Pants,Oversized Balenciaga wide-leg trousers in black
Paris,2013-2019,French Trap & Luxury,Pants,Slim-fit designer jogger pants by Valentino in olive
Paris,2013-2019,French Trap & Luxury,Pants,Slim-fit Fendi FF-logo track pants
Paris,2013-2019,French Trap & Luxury,Tops,"Oversized Balenciaga logo hoodie in black, Demna era"
Paris,2013-2019,French Trap & Luxury,Tops,Oversized Balenciaga logo tee in washed gray
Paris,2013-2019,French Trap & Luxury,Tops,Relaxed-fit Givenchy star-print tee in black
Paris,2013-2019,French Trap & Luxury,Tops,Oversized Vetements oversized-fit hoodie with DHL print
Paris,2013-2019,French Trap & Luxury,Tops,Oversized Moncler puffer jacket in red with hood
Paris,2013-2019,French Trap & Luxury,Tops,Oversized Canada Goose parka in black with fur-trimmed hood
Paris,2013-2019,French Trap & Luxury,Tops,Relaxed-fit designer tracksuit jacket by Gucci in green and red stripe
Paris,2013-2019,French Trap & Luxury,Tops,Full-length fur coat in black fox
Paris,2013-2019,French Trap & Luxury,Tops,Oversized Gucci GG monogram jacket
Paris,2013-2019,French Trap & Luxury,Accessories,Balenciaga Triple S sneakers in gray and red
Paris,2013-2019,French Trap & Luxury,Accessories,Christian Louboutin spike-studded sneakers in black
Paris,2013-2019,French Trap & Luxury,Accessories,Dior B23 high-top sneakers in oblique print
Paris,2013-2019,French Trap & Luxury,Accessories,Hermès H-buckle belt in black leather
Paris,2013-2019,French Trap & Luxury,Accessories,Gucci GG-buckle belt in brown leather
Paris,2013-2019,French Trap & Luxury,Accessories,Cartier Love bracelet in rose gold
Paris,2013-2019,French Trap & Luxury,Accessories,Audemars Piguet Royal Oak watch in stainless steel
Paris,2013-2019,French Trap & Luxury,Accessories,Louis Vuitton Keepall duffle bag in monogram
Paris,2019-Present,New Wave Paris Rap,Pants,Wide-leg tailored trousers in black wool
Paris,2019-Present,New Wave Paris Rap,Pants,Relaxed-fit Issey Miyake Homme Plissé pleated pants in charcoal
Paris,2019-Present,New Wave Paris Rap,Pants,Very baggy Rick Owens drop-crotch pants in dark gray
Paris,2019-Present,New Wave Paris Rap,Pants,Relaxed-fit Hed Mayner wide-leg trousers in cream
Paris,2019-Present,New Wave Paris Rap,Pants,Relaxed-fit vintage denim jeans in faded medium wash
Paris,2019-Present,New Wave Paris Rap,Pants,Relaxed-fit Lemaire twisted pants in tan
Paris,2019-Present,New Wave Paris Rap,Pants,Relaxed-fit Acne Studios straight-leg jeans in washed black
Paris,2019-Present,New Wave Paris Rap,Tops,Oversized Maison Margiela deconstructed jacket in off-white
Paris,2019-Present,New Wave Paris Rap,Tops,Oversized Raf Simons archive graphic hoodie
Paris,2019-Present,New Wave Paris Rap,Tops,Oversized Rick Owens leather bomber jacket in black
Paris,2019-Present,New Wave Paris Rap,Tops,Relaxed-fit sacai layered blazer-shirt hybrid
Paris,2019-Present,New Wave Paris Rap,Tops,Relaxed-fit Comme des Garçons Play heart-logo tee in white
Paris,2019-Present,New Wave Paris Rap,Tops,Oversized Undercover graphic tee with dark artwork
Paris,2019-Present,New Wave Paris Rap,Tops,Relaxed-fit Chrome Hearts logo hoodie in black
Paris,2019-Present,New Wave Paris Rap,Tops,Relaxed-fit vintage sportswear windbreaker in retro colorway
Paris,2019-Present,New Wave Paris Rap,Accessories,Maison Margiela Tabi boots in black leather
Paris,2019-Present,New Wave Paris Rap,Accessories,Rick Owens Ramones high-top sneakers in black and white
Paris,2019-Present,New Wave Paris Rap,Accessories,Salomon XT-6 sneakers in silver and black
Paris,2019-Present,New Wave Paris Rap,Accessories,Chrome Hearts silver cross pendant necklace
Paris,2019-Present,New Wave Paris Rap,Accessories,Chrome Hearts silver ring with floral motif
Paris,2019-Present,New Wave Paris Rap,Accessories,Vivienne Westwood orb pendant necklace in silver
Paris,2019-Present,New Wave Paris Rap,Accessories,Canvas tote bag in natural or black
Paris,2019-Present,New Wave Paris Rap,Accessories,"Archival designer sunglasses, vintage Alain Mikli or Thierry Lasry"
Tokyo,1985-1995,Japanese B-Boy Origins,Pants,"Baggy jeans in dark wash, prized American imports"
Tokyo,1985-1995,Japanese B-Boy Origins,Pants,Straight-leg Lee jeans in medium wash
Tokyo,1985-1995,Japanese B-Boy Origins,Pants,Straight-leg vintage Levi's jeans in raw selvedge denim
Tokyo,1985-1995,Japanese B-Boy Origins,Pants,Slim-fit Adidas track pants with three-stripe detailing
Tokyo,1985-1995,Japanese B-Boy Origins,Pants,Relaxed-fit Dickies work pants in khaki
Tokyo,1985-1995,Japanese B-Boy Origins,Tops,Fitted Adidas tracksuit jacket with zip front in black and white
Tokyo,1985-1995,Japanese B-Boy Origins,Tops,"Oversized American college football jersey, imported vintage"
Tokyo,1985-1995,Japanese B-Boy Origins,Tops,"Oversized American NBA jersey, imported vintage with retro team design"
Tokyo,1985-1995,Japanese B-Boy Origins,Tops,Fitted black leather biker jacket
Tokyo,1985-1995,Japanese B-Boy Origins,Tops,"Kangol bucket hat paired with b-boy tracksuit, NYC import style"
Tokyo,1985-1995,Japanese B-Boy Origins,Accessories,Adidas Superstar sneakers in white with black stripes
Tokyo,1985-1995,Japanese B-Boy Origins,Accessories,Puma Suede sneakers in classic colorways
Tokyo,1985-1995,Japanese B-Boy Origins,Accessories,"Thin gold chain necklace, smaller than US counterpart"
Tokyo,1985-1995,Japanese B-Boy Origins,Accessories,Kangol bucket hat in black
Tokyo,1985-1995,Japanese B-Boy Origins,Accessories,"Portable boombox, imported"
Tokyo,1985-1995,Japanese B-Boy Origins,Accessories,Graffiti markers and supplies as carried accessories
Tokyo,1995-2003,Ura-Harajuku & Streetwear Birth,Pants,Baggy Evisu denim jeans with hand-painted seagull logo on back pocket
Tokyo,1995-2003,Ura-Harajuku & Streetwear Birth,Pants,"Straight-leg vintage Levi's Big E jeans in raw selvedge, collector obsession"
Tokyo,1995-2003,Ura-Harajuku & Streetwear Birth,Pants,Relaxed-fit cargo pants in olive drab
Tokyo,1995-2003,Ura-Harajuku & Streetwear Birth,Pants,Baggy A Bathing Ape (BAPE) camo pants in green 1st camo
Tokyo,1995-2003,Ura-Harajuku & Streetwear Birth,Pants,Relaxed-fit WTAPS cargo pants in black ripstop
Tokyo,1995-2003,Ura-Harajuku & Streetwear Birth,Tops,Oversized A Bathing Ape (BAPE) 1st camo full-zip shark hoodie in green
Tokyo,1995-2003,Ura-Harajuku & Streetwear Birth,Tops,Oversized A Bathing Ape (BAPE) full-zip shark hoodie in blue camo
Tokyo,1995-2003,Ura-Harajuku & Streetwear Birth,Tops,Relaxed-fit UNDERCOVER graphic tee with dark punk-inspired print
Tokyo,1995-2003,Ura-Harajuku & Streetwear Birth,Tops,Relaxed-fit NEIGHBORHOOD skull-logo tee in black
Tokyo,1995-2003,Ura-Harajuku & Streetwear Birth,Tops,Relaxed-fit WTAPS military-inspired overshirt in olive
Tokyo,1995-2003,Ura-Harajuku & Streetwear Birth,Tops,Relaxed-fit Visvim Noragi jacket in indigo-dyed cotton
Tokyo,1995-2003,Ura-Harajuku & Streetwear Birth,Tops,Relaxed-fit Human Made heart-logo tee in white
Tokyo,1995-2003,Ura-Harajuku & Streetwear Birth,Tops,Relaxed-fit Stüssy Japan-exclusive graphic tee
Tokyo,1995-2003,Ura-Harajuku & Streetwear Birth,Tops,"Relaxed-fit Supreme box logo tee, Japanese chapter"
Tokyo,1995-2003,Ura-Harajuku & Streetwear Birth,Accessories,Nike Dunk low-top sneakers in Japan-exclusive colorways
Tokyo,1995-2003,Ura-Harajuku & Streetwear Birth,Accessories,All-white Nike Air Force 1 low sneakers in Japan-exclusive leather
Tokyo,1995-2003,Ura-Harajuku & Streetwear Birth,Accessories,BAPE STA sneakers in patent leather colorways
Tokyo,1995-2003,Ura-Harajuku & Streetwear Birth,Accessories,Casio G-Shock limited-edition watch in BAPE collab colorway
Tokyo,1995-2003,Ura-Harajuku & Streetwear Birth,Accessories,Vintage Rolex Submariner watch on steel bracelet
Tokyo,1995-2003,Ura-Harajuku & Streetwear Birth,Accessories,Subtle silver pendant necklace
Tokyo,1995-2003,Ura-Harajuku & Streetwear Birth,Accessories,Silver ring with minimalist design
Tokyo,2003-2010,Hype Culture Peak,Pants,"Baggy Evisu denim jeans, still strong in Japanese hip-hop"
Tokyo,2003-2010,Hype Culture Peak,Pants,Relaxed-fit Visvim Social Sculpture denim in raw indigo
Tokyo,2003-2010,Hype Culture Peak,Pants,Baggy BAPE denim jeans with camo pocket lining
Tokyo,2003-2010,Hype Culture Peak,Pants,Straight-leg Japanese raw selvedge jeans by Flat Head in dark indigo
Tokyo,2003-2010,Hype Culture Peak,Pants,Straight-leg Japanese raw selvedge jeans by Iron Heart in heavyweight denim
Tokyo,2003-2010,Hype Culture Peak,Pants,Straight-leg Japanese raw selvedge jeans by Studio D'Artisan in one-wash
Tokyo,2003-2010,Hype Culture Peak,Pants,"Slim-tapered jeans, slim cut entering Japanese streetwear"
Tokyo,2003-2010,Hype Culture Peak,Tops,Oversized BAPE full-zip shark hoodie at global peak hype
Tokyo,2003-2010,Hype Culture Peak,Tops,Relaxed-fit Supreme x designer collab tee
Tokyo,2003-2010,Hype Culture Peak,Tops,"Relaxed-fit Visvim Christo sandals paired with socks, signature look"
Tokyo,2003-2010,Hype Culture Peak,Tops,Relaxed-fit Fragment Design (Hiroshi Fujiwara) collab tee or jacket
Tokyo,2003-2010,Hype Culture Peak,Tops,Relaxed-fit curated vintage American sportswear crewneck
Tokyo,2003-2010,Hype Culture Peak,Tops,Oversized Number (N)ine graphic tee with punk-inspired artwork
Tokyo,2003-2010,Hype Culture Peak,Tops,Relaxed-fit Mastermind Japan skull-logo tee in black
Tokyo,2003-2010,Hype Culture Peak,Accessories,Nike Dunk SB sneakers in Japanese-market limited colorways
Tokyo,2003-2010,Hype Culture Peak,Accessories,Visvim FBT moccasin sneakers in suede
Tokyo,2003-2010,Hype Culture Peak,Accessories,BAPE STA sneakers in limited collab colorways
Tokyo,2003-2010,Hype Culture Peak,Accessories,Casio G-Shock x BAPE collab watch
Tokyo,2003-2010,Hype Culture Peak,Accessories,Porter Tanker tote bag in olive or black
Tokyo,2003-2010,Hype Culture Peak,Accessories,Goro's feather pendant necklace in sterling silver
Tokyo,2003-2010,Hype Culture Peak,Accessories,Chrome Hearts silver bracelet with cross motif
Tokyo,2003-2010,Hype Culture Peak,Accessories,Multiple silver rings on both hands
Tokyo,2010-2017,Japanese Street Goes Global,Pants,Slim-tapered denim jeans in dark wash
Tokyo,2010-2017,Japanese Street Goes Global,Pants,Relaxed-fit Cav Empt utility pants in black
Tokyo,2010-2017,Japanese Street Goes Global,Pants,Slim-fit Acronym technical pants in black with articulated knees
Tokyo,2010-2017,Japanese Street Goes Global,Pants,Relaxed-fit Visvim wide-leg pants in indigo
Tokyo,2010-2017,Japanese Street Goes Global,Pants,Very baggy Rick Owens drop-crotch pants in black
Tokyo,2010-2017,Japanese Street Goes Global,Tops,Relaxed-fit Cav Empt graphic pullover with digital-glitch prints
Tokyo,2010-2017,Japanese Street Goes Global,Tops,Fitted Acronym Gore-Tex technical jacket in black
Tokyo,2010-2017,Japanese Street Goes Global,Tops,Relaxed-fit sacai layered blazer with asymmetric hems
Tokyo,2010-2017,Japanese Street Goes Global,Tops,Relaxed-fit WTAPS military overshirt in olive drab
Tokyo,2010-2017,Japanese Street Goes Global,Tops,Oversized NEIGHBORHOOD leather biker jacket in black
Tokyo,2010-2017,Japanese Street Goes Global,Tops,Oversized Yohji Yamamoto draped jacket in black
Tokyo,2010-2017,Japanese Street Goes Global,Tops,Relaxed-fit Issey Miyake pleated top in charcoal
Tokyo,2010-2017,Japanese Street Goes Global,Tops,Relaxed-fit Kapital patchwork jacket in indigo boro
Tokyo,2010-2017,Japanese Street Goes Global,Accessories,Nike x sacai LDWaffle sneakers in multi-color
Tokyo,2010-2017,Japanese Street Goes Global,Accessories,Rick Owens Geobasket high-top sneakers in black
Tokyo,2010-2017,Japanese Street Goes Global,Accessories,Acronym x Nike Air Presto Mid sneakers in olive
Tokyo,2010-2017,Japanese Street Goes Global,Accessories,Chrome Hearts silver cross pendant necklace
Tokyo,2010-2017,Japanese Street Goes Global,Accessories,Goro's feather necklace in sterling silver and gold
Tokyo,2010-2017,Japanese Street Goes Global,Accessories,Porter crossbody bag in black nylon
Tokyo,2010-2017,Japanese Street Goes Global,Accessories,Kapital bandana in patchwork indigo
Tokyo,2017-Present,New Gen Tokyo,Pants,Wide-leg relaxed silhouette pants in earth tones
Tokyo,2017-Present,New Gen Tokyo,Pants,Relaxed-fit Kapital patchwork denim jeans in faded indigo with sashiko stitching
Tokyo,2017-Present,New Gen Tokyo,Pants,Relaxed-fit Needles track pants with butterfly logo in purple
Tokyo,2017-Present,New Gen Tokyo,Pants,Relaxed-fit Needles track pants with butterfly logo in orange
Tokyo,2017-Present,New Gen Tokyo,Pants,Relaxed-fit Issey Miyake Homme Plissé pleated pants in black
Tokyo,2017-Present,New Gen Tokyo,Pants,Relaxed-fit vintage American workwear pants in faded khaki
Tokyo,2017-Present,New Gen Tokyo,Pants,Relaxed-fit Engineered Garments fatigue pants in olive ripstop
Tokyo,2017-Present,New Gen Tokyo,Tops,Relaxed-fit Needles tracksuit jacket with butterfly logo in purple velour
Tokyo,2017-Present,New Gen Tokyo,Tops,Oversized Kapital ring coat in patchwork denim
Tokyo,2017-Present,New Gen Tokyo,Tops,Oversized READYMADE remade military jacket from vintage surplus
Tokyo,2017-Present,New Gen Tokyo,Tops,Relaxed-fit doublet deconstructed graphic tee
Tokyo,2017-Present,New Gen Tokyo,Tops,Relaxed-fit Sulvam asymmetric-cut blazer in black
Tokyo,2017-Present,New Gen Tokyo,Tops,Relaxed-fit Auralee oversized cotton tee in muted blue
Tokyo,2017-Present,New Gen Tokyo,Tops,Relaxed-fit curated vintage Americana crewneck sweatshirt
Tokyo,2017-Present,New Gen Tokyo,Tops,Oversized layered maximalist outfit with clashing patterns and textures
Tokyo,2017-Present,New Gen Tokyo,Tops,Gender-fluid styling: flowing silhouettes with mixed menswear and womenswear elements
Tokyo,2017-Present,New Gen Tokyo,Accessories,New Balance 2002R sneakers in protection pack gray
Tokyo,2017-Present,New Gen Tokyo,Accessories,"New Balance 990v5 sneakers in gray, massive in Japan"
Tokyo,2017-Present,New Gen Tokyo,Accessories,Salomon XT-6 sneakers in silver and black
Tokyo,2017-Present,New Gen Tokyo,Accessories,Hoka Bondi sneakers in all-white
Tokyo,2017-Present,New Gen Tokyo,Accessories,"Goro's feather necklace in sterling silver, still grail status"
Tokyo,2017-Present,New Gen Tokyo,Accessories,Kapital patchwork bandana in indigo
Tokyo,2017-Present,New Gen Tokyo,Accessories,Vintage Seiko automatic dive watch
Tokyo,2017-Present,New Gen Tokyo,Accessories,Vintage Omega Seamaster watch on leather strap
Tokyo,2017-Present,New Gen Tokyo,Accessories,Canvas tote bag in natural cotton
Tokyo,2017-Present,New Gen Tokyo,Accessories,Sacoche crossbody mini-bag in black nylon
Tokyo,2017-Present,New Gen Tokyo,Accessories,Bandana tied on wrist or around neck
London,1985-1999,UK Hip-Hop & Jungle,Pants,"Baggy Moschino jeans in dark wash, jungle/rave crossover"
London,1985-1999,UK Hip-Hop & Jungle,Pants,Relaxed-fit Versace printed pants with baroque pattern
London,1985-1999,UK Hip-Hop & Jungle,Pants,Slim-fit Nike track pants in black with swoosh
London,1985-1999,UK Hip-Hop & Jungle,Pants,Slim-fit Adidas popper track pants with snap buttons down the leg
London,1985-1999,UK Hip-Hop & Jungle,Pants,Baggy jeans in dark indigo with a straight leg
London,1985-1999,UK Hip-Hop & Jungle,Tops,"Relaxed-fit Moschino logo tee, jungle/rave era"
London,1985-1999,UK Hip-Hop & Jungle,Tops,Relaxed-fit Versace silk shirt with baroque print in black and gold
London,1985-1999,UK Hip-Hop & Jungle,Tops,Oversized Iceberg knit sweater with cartoon character graphic
London,1985-1999,UK Hip-Hop & Jungle,Tops,Fitted black leather biker jacket
London,1985-1999,UK Hip-Hop & Jungle,Tops,Relaxed-fit Stone Island overshirt with compass badge in navy
London,1985-1999,UK Hip-Hop & Jungle,Tops,Relaxed-fit CP Company goggle jacket in dark olive
London,1985-1999,UK Hip-Hop & Jungle,Tops,"Fitted Ralph Lauren polo shirt with embroidered pony, casuals influence"
London,1985-1999,UK Hip-Hop & Jungle,Accessories,Nike Air Max BW sneakers in Persian Violet
London,1985-1999,UK Hip-Hop & Jungle,Accessories,Nike Air Max 95 sneakers in neon green OG colorway
London,1985-1999,UK Hip-Hop & Jungle,Accessories,Nike Air Max Plus (TN) sneakers in black and red
London,1985-1999,UK Hip-Hop & Jungle,Accessories,Clarks Wallabee shoes in beeswax leather
London,1985-1999,UK Hip-Hop & Jungle,Accessories,Gold sovereign ring on pinky finger
London,1985-1999,UK Hip-Hop & Jungle,Accessories,"Chunky gold chain necklace, heavy gauge"
London,1985-1999,UK Hip-Hop & Jungle,Accessories,Casio digital watch
London,1985-1999,UK Hip-Hop & Jungle,Accessories,Bucket hat in solid dark color
London,2000-2008,Grime Emerges,Pants,Slim-fit Nike track pants in black with white swoosh
London,2000-2008,Grime Emerges,Pants,Slim-fit Adidas Firebird track pants in black with white stripes
London,2000-2008,Grime Emerges,Pants,"Baggy jeans in dark indigo, low-slung"
London,2000-2008,Grime Emerges,Pants,Baggy Akademiks denim jeans with logo embroidery
London,2000-2008,Grime Emerges,Pants,Baggy Ecko Unlimited jeans with rhino embroidery
London,2000-2008,Grime Emerges,Tops,Relaxed-fit Nike tracksuit jacket with full zip in black
London,2000-2008,Grime Emerges,Tops,Relaxed-fit Adidas Firebird tracksuit jacket in black with white stripes
London,2000-2008,Grime Emerges,Tops,Oversized North Face Nuptse puffer jacket in black
London,2000-2008,Grime Emerges,Tops,Oversized hoodie layered under puffer jacket
London,2000-2008,Grime Emerges,Tops,Silk du-rag in black or white
London,2000-2008,Grime Emerges,Tops,Bandana tied around the head
London,2000-2008,Grime Emerges,Tops,Oversized plain tee in black or white
London,2000-2008,Grime Emerges,Tops,Oversized Akademiks logo tee
London,2000-2008,Grime Emerges,Tops,Oversized Ecko Unlimited logo tee
London,2000-2008,Grime Emerges,Accessories,Nike Air Max 95 sneakers in all-black
London,2000-2008,Grime Emerges,Accessories,Nike Air Max 110 (Air Max Plus) sneakers in triple black
London,2000-2008,Grime Emerges,Accessories,Nike Air Huarache sneakers in white and scream green
London,2000-2008,Grime Emerges,Accessories,Nike Air Max Plus (TN) sneakers in hyper blue
London,2000-2008,Grime Emerges,Accessories,Gold sovereign ring on pinky finger
London,2000-2008,Grime Emerges,Accessories,Small gold chain necklace
London,2000-2008,Grime Emerges,Accessories,Nokia mobile phone carried visibly
London,2000-2008,Grime Emerges,Accessories,Bluetooth earpiece worn in ear
London,2008-2014,Roadman Era,Pants,"Skinny-fit black jeans, tapered to ankle"
London,2008-2014,Roadman Era,Pants,"Slim-fit Nike Tech Fleece jogger pants in charcoal, roadman uniform"
London,2008-2014,Roadman Era,Pants,"Slim-fit Nike Tech Fleece jogger pants in black, roadman uniform"
London,2008-2014,Roadman Era,Pants,Slim-fit Adidas Tiro training pants in black with white stripes
London,2008-2014,Roadman Era,Pants,Slim-fit black tracksuit bottoms with tapered leg
London,2008-2014,Roadman Era,Tops,"Oversized North Face Nuptse puffer jacket in black, defining silhouette"
London,2008-2014,Roadman Era,Tops,Slim-fit Nike Tech Fleece full-zip hoodie in charcoal
London,2008-2014,Roadman Era,Tops,Slim-fit Nike Tech Fleece full-zip hoodie in black
London,2008-2014,Roadman Era,Tops,Relaxed-fit Stone Island overshirt with compass badge in black
London,2008-2014,Roadman Era,Tops,Oversized Moncler puffer jacket with hood in black
London,2008-2014,Roadman Era,Tops,Oversized black pullover hoodie
London,2008-2014,Roadman Era,Tops,Relaxed-fit gilet/vest worn over a hoodie in black
London,2008-2014,Roadman Era,Accessories,Nike Air Max 90 sneakers in all-white
London,2008-2014,Roadman Era,Accessories,Nike Air Max 95 sneakers in all-black
London,2008-2014,Roadman Era,Accessories,Nike Air Max 97 sneakers in silver bullet colorway
London,2008-2014,Roadman Era,Accessories,Nike Air Huarache sneakers in triple black
London,2008-2014,Roadman Era,Accessories,Small crossbody man bag in black nylon
London,2008-2014,Roadman Era,Accessories,Rolex Day-Date watch with gold bracelet
London,2008-2014,Roadman Era,Accessories,Diamond stud earring in one ear
London,2008-2014,Roadman Era,Accessories,Fresh fade haircut with sharp line-up
London,2014-2019,Grime Revival & Afroswing,Pants,Skinny-fit jeans in dark indigo
London,2014-2019,Grime Revival & Afroswing,Pants,"Slim-fit Nike Tech Fleece jogger pants in black, still dominant"
London,2014-2019,Grime Revival & Afroswing,Pants,Slim-fit Amiri distressed jeans with ripped knees
London,2014-2019,Grime Revival & Afroswing,Pants,Slim-fit designer jogger pants by Gucci
London,2014-2019,Grime Revival & Afroswing,Pants,"Tailored slim trousers in black, Stormzy Glastonbury aesthetic"
London,2014-2019,Grime Revival & Afroswing,Tops,Relaxed-fit Stone Island overshirt with compass badge in olive
London,2014-2019,Grime Revival & Afroswing,Tops,Relaxed-fit CP Company goggle jacket in navy
London,2014-2019,Grime Revival & Afroswing,Tops,Oversized Moncler puffer jacket in black
London,2014-2019,Grime Revival & Afroswing,Tops,Relaxed-fit Prada nylon jacket in black
London,2014-2019,Grime Revival & Afroswing,Tops,Relaxed-fit designer tracksuit jacket by Gucci in green
London,2014-2019,Grime Revival & Afroswing,Tops,Oversized Off-White diagonal-stripe hoodie in black
London,2014-2019,Grime Revival & Afroswing,Tops,Relaxed-fit Palm Angels track jacket with side stripe
London,2014-2019,Grime Revival & Afroswing,Tops,"Relaxed-fit Burberry check-pattern shirt, reclaimed from chav stigma"
London,2014-2019,Grime Revival & Afroswing,Tops,"Bespoke Banksy Union Jack stab vest, Stormzy Glastonbury piece"
London,2014-2019,Grime Revival & Afroswing,Accessories,Nike Air Max 97 sneakers in silver bullet colorway
London,2014-2019,Grime Revival & Afroswing,Accessories,Adidas Yeezy Boost 350 V2 sneakers in Beluga colorway
London,2014-2019,Grime Revival & Afroswing,Accessories,Dior B23 high-top sneakers in oblique print
London,2014-2019,Grime Revival & Afroswing,Accessories,Rolex Datejust watch with jubilee bracelet
London,2014-2019,Grime Revival & Afroswing,Accessories,"Gold Cuban link chain necklace, medium weight"
London,2014-2019,Grime Revival & Afroswing,Accessories,Prada nylon crossbody man bag in black
London,2014-2019,Grime Revival & Afroswing,Accessories,Louis Vuitton crossbody man bag in monogram
London,2014-2019,Grime Revival & Afroswing,Accessories,Diamond grillz on bottom teeth
London,2019-Present,UK Drill & New London,Pants,Wide-leg tailored trousers in black or charcoal
London,2019-Present,UK Drill & New London,Pants,Relaxed-fit cargo pants with oversized pockets in black
London,2019-Present,UK Drill & New London,Pants,Relaxed-fit Corteiz cargo pants with Alcatraz logo in olive
London,2019-Present,UK Drill & New London,Pants,Relaxed-fit Corteiz cargo pants with Alcatraz logo in black
London,2019-Present,UK Drill & New London,Pants,Relaxed-fit Represent denim jeans in medium wash
London,2019-Present,UK Drill & New London,Pants,Relaxed-fit vintage workwear pants in faded tan
London,2019-Present,UK Drill & New London,Pants,Oversized Balenciaga wide-leg denim jeans in faded wash
London,2019-Present,UK Drill & New London,Tops,Relaxed-fit Corteiz Alcatraz logo tee in black
London,2019-Present,UK Drill & New London,Tops,Relaxed-fit Corteiz puffer jacket in black
London,2019-Present,UK Drill & New London,Tops,Relaxed-fit Trapstar logo tee in black
London,2019-Present,UK Drill & New London,Tops,Relaxed-fit Trapstar Irongate puffer jacket in black
London,2019-Present,UK Drill & New London,Tops,Relaxed-fit Represent logo hoodie in black
London,2019-Present,UK Drill & New London,Tops,Relaxed-fit Palace tri-ferg logo tee in white
London,2019-Present,UK Drill & New London,Tops,"Relaxed-fit Arc'teryx Beta jacket in black, gorpcore grime"
London,2019-Present,UK Drill & New London,Tops,Oversized vintage sportswear crewneck in faded colorway
London,2019-Present,UK Drill & New London,Tops,"Black balaclava or ski mask pulled over face, drill aesthetic"
London,2019-Present,UK Drill & New London,Tops,"Oversized layered puffer jackets, double-layered for bulk"
London,2019-Present,UK Drill & New London,Accessories,"Nike Air Max Plus (TN) sneakers in triple black, eternal London shoe"
London,2019-Present,UK Drill & New London,Accessories,Corteiz x Nike Air Max 95 sneakers in custom colorway
London,2019-Present,UK Drill & New London,Accessories,New Balance 2002R sneakers in protection pack gray
London,2019-Present,UK Drill & New London,Accessories,Salomon XT-6 sneakers in silver and black
London,2019-Present,UK Drill & New London,Accessories,"Black crossbody man bag, still dominant"
London,2019-Present,UK Drill & New London,Accessories,"Black ski mask covering face, drill aesthetic"
London,2019-Present,UK Drill & New London,Accessories,Chrome Hearts silver cross pendant necklace
London,2019-Present,UK Drill & New London,Accessories,Layered silver chain necklaces in varying lengths
